employee_id,timestamp,application,activity_type,duration_sec,department
138,2025-12-17 11:28:42,Chrome,active,1780,Operations
129,2025-12-17 17:23:42,PowerBI,active,436,Operations
119,2025-12-17 16:47:18,Slack,active,169,Finance
103,2025-12-17 10:06:17,Slack,idle,1725,Sales
115,2025-12-17 10:27:58,PowerBI,idle,631,HR
108,2025-12-17 16:47:16,Slack,idle,424,Finance
123,2025-12-17 16:37:06,VSCode,idle,672,Marketing
104,2025-12-17 13:05:15,Chrome,idle,538,Finance
134,2025-12-17 13:26:41,Outlook,active,794,HR
119,2025-12-17 13:36:49,Jira,idle,1381,HR
146,2025-12-17 16:00:54,Teams,active,418,Operations
102,2025-12-17 18:48:16,Excel,idle,469,Operations
144,2025-12-17 11:55:59,SAP,active,812,Marketing
117,2025-12-17 18:45:32,Outlook,active,1035,Finance
120,2025-12-17 17:24:26,Excel,idle,409,IT
126,2025-12-17 16:07:39,Teams,active,1404,HR
148,2025-12-17 17:26:13,SAP,idle,123,Marketing
114,2025-12-17 16:23:27,Jira,idle,1698,IT
112,2025-12-17 10:23:35,VSCode,idle,1583,HR
127,2025-12-17 14:27:38,Slack,active,857,Sales
120,2025-12-17 15:59:14,Slack,idle,1219,Finance
135,2025-12-17 09:44:00,SAP,idle,1188,Marketing
123,2025-12-17 17:43:04,Outlook,idle,266,Finance
127,2025-12-17 14:33:53,Jira,idle,416,Finance
108,2025-12-17 14:00:27,Outlook,active,1439,Sales
142,2025-12-17 11:12:05,Excel,idle,328,Sales
119,2025-12-17 12:54:48,Excel,idle,1282,Finance
128,2025-12-17 13:53:02,Outlook,active,1274,HR
134,2025-12-17 11:08:08,Teams,active,1534,Marketing
122,2025-12-17 11:59:34,Jira,active,218,Finance
106,2025-12-17 18:52:20,VSCode,idle,1293,IT
122,2025-12-17 13:28:12,Teams,active,502,Finance
146,2025-12-17 18:41:00,SAP,active,1545,Marketing
124,2025-12-17 18:54:19,Teams,active,526,Operations
118,2025-12-17 10:36:44,Excel,active,1038,Marketing
150,2025-12-17 15:20:20,PowerBI,idle,764,IT
133,2025-12-17 16:38:30,PowerBI,idle,741,Operations
140,2025-12-17 18:06:15,Slack,active,1343,Operations
149,2025-12-17 10:30:33,Chrome,idle,1335,Operations
129,2025-12-17 09:26:10,Slack,idle,334,IT
134,2025-12-17 13:58:25,SAP,active,535,HR
132,2025-12-17 17:31:49,Teams,idle,628,Operations
139,2025-12-17 15:43:00,VSCode,active,248,Sales
142,2025-12-17 10:37:09,Chrome,idle,1522,Finance
149,2025-12-17 18:27:30,Jira,idle,261,Operations
120,2025-12-17 14:49:40,SAP,active,527,Marketing
110,2025-12-17 18:29:25,Jira,active,1493,Operations
121,2025-12-17 10:22:03,Outlook,active,1029,Finance
114,2025-12-17 12:31:53,Teams,active,909,Sales
117,2025-12-17 12:38:31,VSCode,idle,1751,Sales
134,2025-12-17 11:35:00,PowerBI,active,1083,Operations
101,2025-12-17 17:23:04,Outlook,idle,68,HR
107,2025-12-17 16:39:43,VSCode,idle,507,Marketing
127,2025-12-17 16:12:28,SAP,idle,1151,HR
110,2025-12-17 16:59:31,Chrome,active,1623,Sales
140,2025-12-17 16:08:08,Teams,active,994,Finance
108,2025-12-17 12:06:38,SAP,idle,1503,HR
128,2025-12-17 15:16:21,Teams,active,355,HR
142,2025-12-17 10:47:21,Slack,active,1553,Finance
102,2025-12-17 13:31:38,Jira,idle,1569,HR
113,2025-12-17 10:19:34,Outlook,active,1045,IT
138,2025-12-17 12:04:05,Jira,idle,509,Marketing
107,2025-12-17 13:03:07,Outlook,active,192,HR
140,2025-12-17 12:59:06,VSCode,idle,235,Operations
104,2025-12-17 11:18:44,SAP,active,1555,Operations
147,2025-12-17 18:16:51,VSCode,idle,530,Finance
143,2025-12-17 12:38:47,Teams,idle,933,Finance
135,2025-12-17 15:31:55,SAP,idle,1608,IT
114,2025-12-17 14:42:31,Slack,idle,1734,Sales
117,2025-12-17 13:40:53,Excel,idle,944,HR
119,2025-12-17 17:53:23,Slack,active,1500,Marketing
125,2025-12-17 12:34:45,Teams,active,1499,Finance
135,2025-12-17 18:06:15,Excel,active,1652,Finance
113,2025-12-17 13:08:53,VSCode,active,52,Sales
104,2025-12-17 11:46:00,Excel,idle,401,Finance
133,2025-12-17 16:52:31,VSCode,idle,305,Sales
148,2025-12-17 09:12:03,PowerBI,idle,1494,Operations
140,2025-12-17 15:48:15,Chrome,idle,1617,Operations
107,2025-12-17 18:15:12,Jira,idle,445,HR
108,2025-12-17 16:44:13,Teams,idle,394,HR
109,2025-12-17 11:31:37,SAP,idle,971,Finance
137,2025-12-17 12:23:20,VSCode,idle,1165,Finance
110,2025-12-17 11:48:25,VSCode,idle,1769,Marketing
133,2025-12-17 16:32:58,Jira,active,1403,IT
133,2025-12-17 17:39:31,PowerBI,active,731,IT
137,2025-12-17 09:56:33,Teams,idle,1666,IT
133,2025-12-17 17:04:07,Excel,idle,878,Finance
112,2025-12-17 13:47:03,Jira,active,1650,Finance
113,2025-12-17 10:57:00,Chrome,active,607,Operations
124,2025-12-17 13:34:26,SAP,active,1239,HR
137,2025-12-17 10:43:57,Chrome,idle,313,IT
128,2025-12-17 18:21:52,Slack,idle,104,Finance
135,2025-12-17 10:38:47,Chrome,idle,386,Finance
127,2025-12-17 18:36:48,Excel,idle,940,Marketing
133,2025-12-17 15:57:07,SAP,idle,61,Operations
145,2025-12-17 09:13:56,Jira,idle,1404,Operations
140,2025-12-17 15:19:13,PowerBI,active,130,Finance
104,2025-12-17 12:05:26,PowerBI,idle,39,Finance
104,2025-12-17 15:22:11,Excel,active,1386,IT
117,2025-12-17 14:31:02,Slack,active,1512,Finance
109,2025-12-17 17:58:28,PowerBI,active,919,Operations
147,2025-12-17 15:00:56,Excel,active,367,Finance
141,2025-12-17 10:49:21,Outlook,active,513,HR
134,2025-12-17 10:45:20,VSCode,active,488,Finance
116,2025-12-17 16:17:18,Jira,idle,279,HR
132,2025-12-17 18:15:17,SAP,active,1795,Sales
138,2025-12-17 16:10:38,Excel,active,1239,Marketing
149,2025-12-17 14:35:49,Teams,active,396,Finance
149,2025-12-17 14:55:24,PowerBI,idle,440,IT
126,2025-12-17 16:55:56,VSCode,idle,1413,Finance
131,2025-12-17 13:53:46,Jira,active,1188,Finance
105,2025-12-17 15:07:29,Chrome,idle,1331,Marketing
139,2025-12-17 16:19:01,Jira,active,491,IT
125,2025-12-17 15:37:28,Jira,active,929,Sales
104,2025-12-17 12:25:33,Slack,idle,757,Sales
137,2025-12-17 18:05:24,Chrome,active,853,Marketing
132,2025-12-17 13:55:47,Teams,idle,846,HR
128,2025-12-17 15:56:21,Chrome,idle,1694,HR
150,2025-12-17 10:57:04,Jira,active,252,Operations
131,2025-12-17 09:16:49,Slack,active,43,Marketing
113,2025-12-17 13:35:18,Slack,active,349,Marketing
112,2025-12-17 14:27:32,Teams,idle,571,Finance
130,2025-12-17 12:07:58,Jira,active,82,IT
115,2025-12-17 09:28:30,Teams,idle,1021,Operations
134,2025-12-17 18:06:23,Chrome,active,141,Sales
117,2025-12-17 11:59:02,SAP,idle,1797,Marketing
130,2025-12-17 10:20:41,PowerBI,idle,721,Operations
145,2025-12-17 17:49:19,Outlook,active,1307,Finance
111,2025-12-17 10:16:34,VSCode,active,1281,Finance
124,2025-12-17 13:42:37,Teams,idle,1342,HR
115,2025-12-17 10:52:33,Chrome,active,1501,IT
147,2025-12-17 11:47:40,VSCode,active,1501,Marketing
109,2025-12-17 12:13:56,Teams,idle,1230,Marketing
101,2025-12-17 10:46:04,PowerBI,idle,1135,Operations
114,2025-12-17 18:21:56,SAP,idle,310,Finance
111,2025-12-17 10:26:17,Chrome,idle,496,Finance
144,2025-12-17 10:46:16,Chrome,active,38,Sales
132,2025-12-17 15:32:42,Excel,idle,702,HR
117,2025-12-17 11:01:05,Outlook,active,1534,Marketing
128,2025-12-17 09:50:09,Outlook,idle,1191,Marketing
136,2025-12-17 10:45:07,Excel,active,703,IT
112,2025-12-17 18:13:14,PowerBI,idle,1299,Marketing
103,2025-12-17 11:38:47,SAP,active,1013,IT
119,2025-12-17 12:54:11,PowerBI,idle,1331,Finance
108,2025-12-17 09:28:27,VSCode,active,1209,Operations
148,2025-12-17 09:35:01,Teams,active,1544,IT
115,2025-12-17 15:01:32,SAP,active,1779,HR
108,2025-12-17 10:53:25,Jira,active,1371,Finance
133,2025-12-17 14:46:49,PowerBI,active,60,IT
148,2025-12-17 16:13:35,PowerBI,idle,1073,Operations
149,2025-12-17 10:57:24,Outlook,idle,1663,Sales
135,2025-12-17 18:18:10,VSCode,idle,1412,Operations
142,2025-12-17 15:37:51,SAP,active,612,HR
114,2025-12-17 18:33:53,Teams,idle,1553,Marketing
108,2025-12-17 13:18:09,Outlook,idle,745,Finance
144,2025-12-17 11:39:25,Teams,active,251,Sales
131,2025-12-17 13:05:35,Slack,active,1152,Finance
125,2025-12-17 16:51:39,PowerBI,active,1745,Marketing
137,2025-12-17 16:54:01,VSCode,active,858,Finance
113,2025-12-17 11:19:20,Teams,idle,499,HR
101,2025-12-17 11:50:53,Jira,active,209,IT
132,2025-12-17 11:51:10,Outlook,active,932,Marketing
144,2025-12-17 09:34:43,SAP,active,484,IT
136,2025-12-17 15:08:06,Outlook,idle,1432,Marketing
140,2025-12-17 16:52:42,PowerBI,active,731,HR
144,2025-12-17 10:31:00,Jira,active,867,Finance
133,2025-12-17 15:03:51,Excel,idle,1315,Marketing
150,2025-12-17 17:39:32,PowerBI,idle,951,HR
112,2025-12-17 15:01:51,SAP,idle,671,Operations
131,2025-12-17 14:16:29,PowerBI,idle,216,HR
106,2025-12-17 17:52:22,Excel,active,1594,HR
130,2025-12-17 16:51:56,Chrome,active,889,IT
129,2025-12-17 10:38:58,Jira,active,1710,Operations
128,2025-12-17 11:34:24,Outlook,idle,808,IT
139,2025-12-17 17:49:45,Excel,idle,455,Finance
125,2025-12-17 14:40:44,Jira,active,167,Operations
141,2025-12-17 18:09:18,Teams,idle,1141,Finance
103,2025-12-17 13:28:48,Slack,idle,1648,IT
130,2025-12-17 09:10:12,VSCode,idle,1454,Marketing
144,2025-12-17 11:40:37,Chrome,active,1707,HR
144,2025-12-17 09:45:01,Outlook,active,310,Marketing
149,2025-12-17 17:29:35,VSCode,idle,477,IT
115,2025-12-17 13:08:52,Chrome,active,1030,Sales
116,2025-12-17 16:30:34,Jira,idle,1503,HR
124,2025-12-17 15:01:15,SAP,idle,1632,Sales
134,2025-12-17 12:46:13,PowerBI,idle,378,IT
118,2025-12-17 14:46:07,VSCode,idle,1274,Marketing
147,2025-12-17 11:06:39,Teams,idle,208,IT
144,2025-12-17 17:46:50,Excel,idle,424,IT
128,2025-12-17 15:43:30,Excel,idle,258,IT
146,2025-12-17 12:30:57,Jira,active,215,Marketing
102,2025-12-17 18:56:54,PowerBI,idle,166,IT
131,2025-12-17 18:05:48,Jira,idle,971,Operations
135,2025-12-17 11:35:55,Outlook,active,1784,Marketing
131,2025-12-17 18:01:45,SAP,active,710,Sales
108,2025-12-17 14:03:22,Jira,idle,724,Marketing
132,2025-12-17 17:32:57,PowerBI,active,1779,IT
148,2025-12-17 12:32:41,VSCode,active,473,Marketing
149,2025-12-17 18:15:02,Outlook,idle,667,IT
149,2025-12-17 10:20:07,Outlook,idle,400,Sales
130,2025-12-17 10:38:32,Slack,idle,275,Operations
106,2025-12-17 12:10:39,Excel,active,1212,Marketing
122,2025-12-17 14:43:48,Excel,idle,396,Marketing
108,2025-12-17 09:45:20,Teams,idle,906,Sales
122,2025-12-17 12:55:26,Chrome,idle,162,Marketing
114,2025-12-17 17:42:44,PowerBI,active,1779,IT
113,2025-12-17 18:25:28,VSCode,active,628,HR
147,2025-12-17 09:31:58,Excel,idle,1633,Operations
128,2025-12-17 18:17:26,VSCode,idle,612,Sales
142,2025-12-17 09:44:51,PowerBI,idle,1394,HR
131,2025-12-17 18:08:43,Outlook,active,866,Marketing
138,2025-12-17 18:21:04,Teams,idle,1653,IT
133,2025-12-17 14:47:20,Chrome,idle,470,IT
107,2025-12-17 14:30:34,Outlook,active,773,Operations
121,2025-12-17 13:33:26,VSCode,active,797,Finance
128,2025-12-17 17:07:46,Teams,idle,1382,Operations
126,2025-12-17 14:38:13,PowerBI,idle,898,Marketing
120,2025-12-17 14:22:21,Jira,active,972,IT
130,2025-12-17 18:35:21,Outlook,idle,944,IT
122,2025-12-17 16:16:14,PowerBI,active,1085,Finance
109,2025-12-17 11:44:37,SAP,active,1283,IT
133,2025-12-17 15:12:26,Slack,idle,916,IT
127,2025-12-17 17:24:27,VSCode,active,626,Sales
121,2025-12-17 10:21:50,Slack,idle,1044,Marketing
149,2025-12-17 12:10:15,Jira,active,362,HR
143,2025-12-17 10:36:30,Slack,active,571,HR
105,2025-12-17 11:21:00,Outlook,active,1378,Operations
111,2025-12-17 11:49:54,Jira,active,1220,IT
133,2025-12-17 12:50:06,Excel,active,1318,HR
110,2025-12-17 13:40:25,Chrome,active,463,Finance
117,2025-12-17 14:49:18,Excel,active,603,IT
119,2025-12-17 17:53:06,Jira,active,263,Finance
121,2025-12-17 14:40:20,PowerBI,idle,1076,Finance
149,2025-12-17 18:13:53,VSCode,idle,1585,Finance
131,2025-12-17 15:07:44,Outlook,idle,403,Sales
128,2025-12-17 16:22:45,Excel,idle,582,Finance
119,2025-12-17 12:42:00,Chrome,idle,1379,Operations
134,2025-12-17 11:26:29,PowerBI,idle,146,Sales
132,2025-12-17 11:38:18,Teams,idle,167,Finance
138,2025-12-17 12:16:28,Chrome,idle,539,HR
135,2025-12-17 12:49:16,Slack,active,1364,IT
133,2025-12-17 14:27:16,Teams,idle,841,Sales
108,2025-12-17 17:25:24,PowerBI,idle,1452,HR
112,2025-12-17 09:30:47,Outlook,active,738,HR
125,2025-12-17 17:18:52,Jira,idle,217,Marketing
132,2025-12-17 15:44:02,SAP,active,271,Operations
108,2025-12-17 16:00:00,Jira,active,709,HR
123,2025-12-17 10:45:05,PowerBI,active,61,Sales
125,2025-12-17 11:50:14,VSCode,idle,815,Finance
147,2025-12-17 17:46:03,Outlook,active,892,Operations
115,2025-12-17 13:59:08,VSCode,active,775,Operations
123,2025-12-17 13:35:12,SAP,active,563,Finance
114,2025-12-17 17:44:07,Jira,idle,135,IT
134,2025-12-17 15:06:22,Excel,idle,862,IT
111,2025-12-17 16:56:06,Chrome,idle,1625,Finance
121,2025-12-17 11:13:00,Outlook,active,788,IT
126,2025-12-17 09:58:23,Excel,active,208,IT
127,2025-12-17 15:07:09,Teams,idle,348,Operations
119,2025-12-17 17:27:34,Excel,idle,202,Sales
123,2025-12-17 10:55:20,Chrome,active,1789,Marketing
107,2025-12-17 16:14:30,Slack,idle,586,Sales
140,2025-12-17 10:30:12,Teams,idle,881,HR
119,2025-12-17 11:54:49,Slack,idle,1148,Sales
146,2025-12-17 17:41:03,Excel,active,1536,Operations
110,2025-12-17 16:52:24,Excel,idle,985,IT
133,2025-12-17 14:56:00,Jira,idle,1327,IT
107,2025-12-17 17:46:13,PowerBI,idle,1137,HR
113,2025-12-17 15:42:11,Chrome,idle,997,IT
146,2025-12-17 16:59:13,Jira,active,292,IT
146,2025-12-17 18:46:05,Outlook,active,412,Marketing
147,2025-12-17 11:34:09,Teams,idle,1288,HR
102,2025-12-17 10:46:21,Excel,active,1203,Finance
140,2025-12-17 09:05:50,Outlook,active,1555,Marketing
109,2025-12-17 16:35:43,SAP,active,1717,Finance
146,2025-12-17 10:49:19,SAP,idle,1724,IT
128,2025-12-17 11:24:05,VSCode,active,171,HR
112,2025-12-17 14:42:35,Outlook,active,1276,Sales
147,2025-12-17 11:25:16,SAP,active,396,Marketing
142,2025-12-17 15:28:47,SAP,idle,590,Operations
137,2025-12-17 14:39:46,Excel,active,1131,Operations
116,2025-12-17 16:22:58,Jira,active,460,Finance
145,2025-12-17 18:08:20,Outlook,idle,1241,Finance
148,2025-12-17 15:29:55,Outlook,active,613,Operations
145,2025-12-17 18:38:24,SAP,active,978,Operations
132,2025-12-17 09:15:17,Outlook,active,671,HR
121,2025-12-17 13:19:25,Jira,idle,1647,Operations
127,2025-12-17 12:20:03,Outlook,idle,1493,HR
139,2025-12-17 12:23:02,VSCode,idle,1182,Operations
114,2025-12-17 10:07:26,SAP,idle,908,Sales
107,2025-12-17 16:01:36,Slack,idle,1094,Marketing
144,2025-12-17 13:29:33,PowerBI,active,1003,Operations
109,2025-12-17 14:28:19,Outlook,idle,1690,IT
148,2025-12-17 12:38:53,Jira,idle,125,HR
126,2025-12-17 13:54:18,Jira,active,793,HR
109,2025-12-17 18:10:24,VSCode,idle,1677,Marketing
120,2025-12-17 18:32:13,Jira,idle,876,IT
104,2025-12-17 14:01:16,Jira,active,1609,HR
128,2025-12-17 15:24:15,Slack,active,756,Marketing
106,2025-12-17 18:24:32,PowerBI,idle,1557,IT
136,2025-12-17 18:10:08,SAP,idle,619,Marketing
105,2025-12-17 14:52:53,Jira,active,1214,HR
110,2025-12-17 11:09:48,Outlook,active,1380,HR
142,2025-12-17 17:35:58,SAP,active,1246,Operations
144,2025-12-17 18:07:58,Chrome,active,803,HR
114,2025-12-17 13:04:51,Teams,active,1303,Marketing
117,2025-12-17 13:52:22,Slack,active,307,Finance
116,2025-12-17 18:15:29,Jira,idle,804,Sales
119,2025-12-17 18:45:03,Jira,idle,955,Finance
140,2025-12-17 11:06:44,VSCode,active,537,Finance
102,2025-12-17 16:22:47,Slack,idle,1643,HR
126,2025-12-17 13:35:29,PowerBI,idle,1422,Finance
105,2025-12-17 09:17:46,VSCode,active,1767,Finance
136,2025-12-17 16:59:48,Slack,idle,195,Finance
144,2025-12-17 12:24:56,Outlook,idle,1375,IT
103,2025-12-17 17:43:04,Chrome,idle,738,Operations
146,2025-12-17 17:03:58,Jira,idle,731,Finance
103,2025-12-17 11:30:57,VSCode,active,1386,IT
115,2025-12-17 17:14:26,Excel,active,290,Finance
150,2025-12-17 16:50:57,SAP,active,1176,IT
112,2025-12-17 15:49:49,PowerBI,active,535,IT
147,2025-12-17 17:48:30,PowerBI,idle,279,Operations
127,2025-12-17 10:06:06,SAP,active,53,Sales
136,2025-12-17 13:38:50,Excel,idle,1501,HR
138,2025-12-17 16:51:39,Teams,active,1792,HR
109,2025-12-17 09:33:01,SAP,idle,1777,Sales
103,2025-12-17 17:00:53,Outlook,idle,415,Marketing
105,2025-12-17 10:19:38,Chrome,active,573,HR
129,2025-12-17 10:55:28,Outlook,idle,1349,Marketing
113,2025-12-17 13:39:51,Excel,active,115,HR
136,2025-12-17 16:00:19,SAP,idle,1112,Finance
142,2025-12-17 14:17:09,PowerBI,active,882,Operations
133,2025-12-17 13:19:43,Excel,idle,674,IT
123,2025-12-17 13:22:39,Chrome,idle,1164,Finance
114,2025-12-17 18:11:37,VSCode,active,1027,Finance
108,2025-12-17 12:40:02,Slack,idle,913,IT
146,2025-12-17 11:43:41,VSCode,idle,1673,HR
106,2025-12-17 11:10:26,PowerBI,idle,278,Marketing
123,2025-12-17 15:18:21,PowerBI,active,1098,HR
102,2025-12-17 11:37:27,Chrome,active,1452,Sales
109,2025-12-17 11:59:49,Outlook,active,907,IT
141,2025-12-17 16:54:16,Jira,active,878,Operations
138,2025-12-17 17:33:24,Teams,idle,941,Finance
114,2025-12-17 10:13:03,Chrome,active,1495,Sales
123,2025-12-17 09:40:41,VSCode,active,671,Sales
113,2025-12-17 16:57:48,VSCode,idle,1630,Finance
139,2025-12-17 11:05:43,SAP,idle,93,Finance
104,2025-12-17 17:48:44,Excel,idle,1268,IT
106,2025-12-17 09:49:54,Slack,idle,1126,Finance
142,2025-12-17 18:40:14,Outlook,active,587,HR
123,2025-12-17 12:52:57,PowerBI,active,343,Marketing
118,2025-12-17 10:23:06,Outlook,idle,1511,Marketing
149,2025-12-17 12:56:38,SAP,active,1435,Operations
149,2025-12-17 14:22:36,Jira,active,708,HR
113,2025-12-17 17:28:40,VSCode,active,1086,Finance
122,2025-12-17 10:16:20,PowerBI,active,1006,IT
103,2025-12-17 10:30:43,Jira,idle,1139,Operations
123,2025-12-17 12:48:52,VSCode,idle,850,Marketing
118,2025-12-17 13:36:23,Teams,active,1454,Operations
144,2025-12-17 18:02:19,Jira,active,1368,IT
143,2025-12-17 15:30:49,Outlook,active,1610,Operations
143,2025-12-17 18:33:50,VSCode,active,1240,Marketing
114,2025-12-17 10:25:15,Outlook,idle,940,Finance
125,2025-12-17 09:07:05,Jira,idle,1227,Finance
122,2025-12-17 15:30:30,PowerBI,idle,716,Marketing
141,2025-12-17 10:58:45,Teams,idle,677,Marketing
139,2025-12-17 12:05:44,Outlook,active,132,Marketing
141,2025-12-17 13:16:00,PowerBI,idle,183,IT
146,2025-12-17 11:25:08,PowerBI,active,1110,IT
139,2025-12-17 15:06:20,Teams,idle,1349,Sales
143,2025-12-17 12:01:52,Chrome,active,995,HR
149,2025-12-17 11:23:22,Slack,active,1165,Operations
119,2025-12-17 10:54:19,Outlook,idle,1404,Marketing
102,2025-12-17 11:04:51,Teams,idle,856,IT
118,2025-12-17 16:41:39,Slack,active,194,HR
136,2025-12-17 09:47:26,Excel,idle,880,HR
127,2025-12-17 10:58:11,SAP,active,231,Marketing
101,2025-12-17 14:17:32,SAP,idle,753,HR
125,2025-12-17 15:11:08,Teams,active,1301,HR
135,2025-12-17 10:51:43,Outlook,active,689,Marketing
124,2025-12-17 14:16:20,PowerBI,idle,1106,IT
141,2025-12-17 18:06:14,Chrome,idle,724,IT
108,2025-12-17 09:09:23,Excel,active,1366,Finance
107,2025-12-17 16:56:18,VSCode,active,1314,Sales
133,2025-12-17 12:39:32,Slack,idle,1416,Sales
144,2025-12-17 18:20:07,Chrome,idle,1451,Marketing
136,2025-12-17 13:16:10,PowerBI,active,258,Marketing
103,2025-12-17 09:25:08,SAP,active,226,Marketing
150,2025-12-17 13:54:01,Teams,active,1769,IT
138,2025-12-17 13:43:02,VSCode,active,1233,HR
116,2025-12-17 09:07:06,SAP,active,1722,Sales
121,2025-12-17 18:36:49,Outlook,active,1777,Operations
135,2025-12-17 12:26:07,Chrome,active,924,Sales
121,2025-12-17 18:06:52,SAP,active,199,HR
119,2025-12-17 16:49:58,Teams,idle,602,HR
126,2025-12-17 18:49:13,Jira,idle,297,IT
117,2025-12-17 09:47:21,SAP,idle,51,Finance
144,2025-12-17 18:36:50,PowerBI,active,1602,Operations
119,2025-12-17 17:34:57,Jira,idle,495,HR
120,2025-12-17 11:34:12,Jira,active,162,Finance
103,2025-12-17 09:32:29,Excel,idle,283,IT
140,2025-12-17 11:21:05,Excel,active,341,Operations
134,2025-12-17 13:30:31,Teams,idle,1628,HR
131,2025-12-17 11:10:55,SAP,active,1682,Finance
109,2025-12-17 18:48:46,PowerBI,active,513,Sales
145,2025-12-17 11:18:08,Excel,active,1317,Finance
101,2025-12-17 09:36:18,Outlook,active,1149,HR
134,2025-12-17 18:42:27,VSCode,idle,1230,Operations
120,2025-12-17 11:56:59,Excel,idle,1452,Operations
101,2025-12-17 14:20:06,SAP,active,1649,Marketing
130,2025-12-17 15:44:35,SAP,active,801,Sales
106,2025-12-17 15:26:14,PowerBI,idle,1766,Sales
123,2025-12-17 10:28:00,Slack,idle,200,Finance
119,2025-12-17 11:46:25,VSCode,active,350,IT
133,2025-12-17 14:06:08,Outlook,active,798,Operations
124,2025-12-17 16:38:39,SAP,active,480,Marketing
148,2025-12-17 16:13:24,Jira,idle,330,Marketing
104,2025-12-17 15:26:45,VSCode,active,191,Operations
128,2025-12-17 16:41:22,PowerBI,idle,1156,Marketing
136,2025-12-17 13:37:24,VSCode,idle,507,IT
115,2025-12-17 16:17:05,SAP,idle,356,Finance
138,2025-12-17 11:11:09,SAP,idle,1168,Operations
107,2025-12-17 11:27:37,Slack,active,553,Marketing
120,2025-12-17 14:20:06,Jira,active,322,Operations
128,2025-12-17 11:38:41,Slack,idle,235,IT
109,2025-12-17 11:17:01,PowerBI,idle,793,Finance
146,2025-12-17 15:44:34,Jira,active,541,Operations
127,2025-12-17 10:10:42,PowerBI,idle,1170,HR
146,2025-12-17 17:09:32,Outlook,idle,866,Sales
129,2025-12-17 09:39:58,Outlook,active,302,Sales
122,2025-12-17 10:53:58,VSCode,idle,572,Marketing
136,2025-12-17 09:37:22,Excel,idle,520,Marketing
115,2025-12-17 15:16:35,SAP,active,351,Marketing
114,2025-12-17 14:34:36,VSCode,idle,260,Finance
127,2025-12-17 09:53:39,Excel,active,748,Operations
114,2025-12-17 14:42:56,Outlook,active,1141,Operations
138,2025-12-17 10:51:54,Jira,active,1686,IT
131,2025-12-17 17:12:32,Chrome,idle,400,HR
130,2025-12-17 14:26:20,Slack,idle,1573,Finance
150,2025-12-17 16:31:40,Chrome,active,492,Finance
147,2025-12-17 09:22:24,Jira,idle,1126,Marketing
114,2025-12-17 18:28:36,SAP,active,1555,HR
104,2025-12-17 13:04:02,Jira,active,1702,Finance
148,2025-12-17 18:58:36,Outlook,active,1527,Finance
104,2025-12-17 12:04:39,Slack,active,1796,Finance
101,2025-12-17 11:46:23,SAP,idle,1330,Finance
119,2025-12-17 18:07:20,SAP,active,215,HR
122,2025-12-17 17:40:35,VSCode,idle,589,Sales
124,2025-12-17 17:27:19,VSCode,active,1345,Finance
119,2025-12-17 16:55:34,Outlook,active,1714,Operations
141,2025-12-17 12:32:04,Jira,active,647,Finance
126,2025-12-17 14:50:31,Jira,active,1769,Finance
132,2025-12-17 09:30:36,VSCode,idle,1662,Operations
142,2025-12-17 13:46:31,Outlook,idle,1427,Finance
145,2025-12-17 11:03:20,VSCode,idle,1497,Finance
133,2025-12-17 18:30:08,PowerBI,idle,1190,HR
139,2025-12-17 14:52:53,Teams,idle,773,HR
108,2025-12-17 09:40:23,Chrome,idle,462,Finance
145,2025-12-17 10:15:26,Jira,idle,1779,Sales
109,2025-12-17 17:15:53,Chrome,active,1164,Finance
108,2025-12-17 12:23:02,SAP,idle,274,Finance
129,2025-12-17 13:52:45,SAP,active,1077,Marketing
129,2025-12-17 15:53:41,Excel,active,1619,HR
141,2025-12-17 14:54:10,Outlook,active,860,Sales
128,2025-12-17 14:44:55,Chrome,idle,1514,Operations
102,2025-12-17 12:30:51,Excel,active,1782,IT
112,2025-12-17 12:31:45,Excel,idle,1489,Sales
135,2025-12-17 14:27:28,Excel,idle,1249,IT
122,2025-12-17 12:57:24,Outlook,idle,1239,Marketing
128,2025-12-17 11:22:51,Jira,idle,442,Finance
144,2025-12-17 13:16:58,Excel,idle,262,Sales
119,2025-12-17 12:14:18,Chrome,idle,208,HR
126,2025-12-17 18:17:21,Teams,active,688,Marketing
138,2025-12-17 10:52:44,VSCode,idle,371,Sales
106,2025-12-17 15:05:43,Jira,idle,969,Marketing
136,2025-12-17 12:47:10,Jira,idle,1641,Marketing
118,2025-12-17 13:57:31,SAP,idle,474,HR
132,2025-12-17 09:26:27,Excel,idle,1177,Marketing
143,2025-12-17 16:06:19,Slack,active,708,Marketing
103,2025-12-17 11:23:39,Outlook,idle,478,Sales
141,2025-12-17 09:22:53,Slack,idle,1310,Sales
135,2025-12-17 16:33:19,Jira,active,1786,Operations
149,2025-12-17 17:06:29,Slack,active,1743,Marketing
127,2025-12-17 10:28:32,Excel,idle,1639,Finance
123,2025-12-17 11:34:06,Chrome,idle,1472,Operations
149,2025-12-17 14:37:47,Slack,idle,867,Marketing
119,2025-12-17 10:07:35,Teams,active,1530,IT
122,2025-12-17 12:33:33,Outlook,idle,663,Finance
130,2025-12-17 12:51:20,VSCode,active,381,Marketing
137,2025-12-17 13:48:50,Jira,active,1216,Marketing
116,2025-12-17 15:37:41,Teams,idle,350,Operations
110,2025-12-17 17:41:26,VSCode,idle,666,Operations
148,2025-12-17 13:21:26,Jira,idle,714,HR
134,2025-12-17 09:52:02,Outlook,active,414,Marketing
126,2025-12-17 17:22:03,Excel,idle,1164,HR
117,2025-12-17 09:50:49,Jira,active,1230,Sales
103,2025-12-17 09:30:26,Outlook,active,351,Finance
128,2025-12-17 12:30:50,Chrome,idle,896,IT
104,2025-12-17 11:00:52,Chrome,active,614,HR
135,2025-12-17 18:17:47,Excel,idle,1134,HR
141,2025-12-17 18:35:15,Excel,idle,665,IT
133,2025-12-17 09:34:44,Slack,active,1749,Marketing
113,2025-12-17 14:47:09,VSCode,active,1500,Finance
142,2025-12-17 17:46:48,PowerBI,idle,702,Sales
122,2025-12-17 13:04:08,VSCode,idle,1353,Marketing
141,2025-12-17 12:55:49,Outlook,active,1283,IT
107,2025-12-17 17:42:39,Excel,active,776,Finance
148,2025-12-17 18:45:53,Teams,idle,1525,Sales
121,2025-12-17 09:30:07,Outlook,idle,760,Finance
129,2025-12-17 10:39:07,VSCode,idle,408,Finance
138,2025-12-17 18:39:18,PowerBI,idle,1501,Operations
120,2025-12-17 18:30:37,PowerBI,idle,1060,HR
103,2025-12-17 13:31:54,Slack,idle,350,HR
110,2025-12-17 16:00:12,Teams,idle,646,Finance
133,2025-12-17 17:43:01,SAP,idle,226,IT
133,2025-12-17 16:03:54,Excel,idle,1039,IT
115,2025-12-17 15:36:53,Excel,active,1492,Marketing
122,2025-12-17 13:39:04,PowerBI,active,1579,Sales
150,2025-12-17 10:12:52,VSCode,idle,1522,Operations
141,2025-12-17 13:11:48,SAP,idle,1605,IT
130,2025-12-17 09:56:33,Jira,active,1765,Operations
147,2025-12-17 16:18:07,SAP,active,852,Marketing
111,2025-12-17 16:36:47,VSCode,idle,1627,IT
101,2025-12-17 12:42:24,PowerBI,active,1607,HR
143,2025-12-17 11:20:48,PowerBI,idle,970,Sales
147,2025-12-17 15:35:29,SAP,active,1521,HR
103,2025-12-17 16:28:19,Chrome,active,750,Operations
114,2025-12-17 12:49:18,Outlook,idle,1345,Marketing
102,2025-12-17 14:27:54,SAP,active,1308,IT
144,2025-12-17 14:46:35,Outlook,idle,1772,Sales
109,2025-12-17 09:39:12,Outlook,idle,903,Sales
106,2025-12-17 10:07:12,VSCode,active,1202,IT
133,2025-12-17 14:13:39,PowerBI,idle,1140,HR
144,2025-12-17 15:15:39,Chrome,idle,1362,Sales
147,2025-12-17 18:00:43,Excel,active,255,Sales
127,2025-12-17 17:22:09,SAP,active,1422,Sales
110,2025-12-17 13:54:04,Teams,idle,1351,Sales
113,2025-12-17 18:07:16,Outlook,active,622,Sales
140,2025-12-17 13:57:55,Chrome,idle,1485,Sales
103,2025-12-17 11:51:25,SAP,active,30,HR
119,2025-12-17 13:38:25,Slack,active,1336,HR
120,2025-12-17 10:56:55,PowerBI,active,1577,Finance
132,2025-12-17 15:27:24,Outlook,idle,1713,Operations
137,2025-12-17 12:28:18,Jira,idle,753,Operations
118,2025-12-17 18:13:15,Excel,idle,283,HR
141,2025-12-17 14:36:44,VSCode,idle,1298,Marketing
131,2025-12-17 11:25:58,Slack,idle,1416,IT
149,2025-12-17 15:42:38,Chrome,active,535,Marketing
146,2025-12-17 14:35:31,SAP,active,1398,HR
107,2025-12-17 16:28:10,Outlook,active,557,Marketing
140,2025-12-17 13:47:08,VSCode,idle,1332,Sales
101,2025-12-17 09:15:21,Excel,active,1792,Marketing
118,2025-12-17 18:38:36,Jira,idle,938,HR
137,2025-12-17 16:27:09,Teams,active,976,Finance
111,2025-12-17 10:04:22,SAP,active,808,Finance
111,2025-12-17 10:20:58,Chrome,active,1170,Sales
136,2025-12-17 18:05:40,Teams,active,1698,HR
107,2025-12-17 13:30:02,Outlook,active,743,IT
107,2025-12-17 10:40:19,SAP,active,1353,IT
101,2025-12-17 18:45:05,Outlook,idle,1503,Finance
140,2025-12-17 16:35:18,Jira,active,413,IT
136,2025-12-17 17:28:09,Teams,idle,429,HR
118,2025-12-17 12:39:48,Teams,active,1198,IT
102,2025-12-17 13:34:20,Chrome,active,1095,Finance
132,2025-12-17 15:34:01,Teams,active,1105,Operations
134,2025-12-17 17:54:36,Excel,active,1286,Marketing
118,2025-12-17 16:34:55,Excel,idle,673,HR
149,2025-12-17 09:10:25,Excel,idle,789,HR
118,2025-12-17 15:20:35,SAP,active,624,Sales
111,2025-12-17 16:54:46,PowerBI,idle,671,IT
142,2025-12-17 10:59:29,Excel,active,1574,IT
150,2025-12-17 18:39:00,VSCode,active,1745,Marketing
125,2025-12-17 17:08:19,VSCode,idle,346,HR
101,2025-12-17 14:52:52,Outlook,active,673,Operations
118,2025-12-17 15:30:11,SAP,idle,1332,Operations
116,2025-12-17 15:58:27,VSCode,active,1278,Operations
134,2025-12-17 13:45:15,Excel,active,850,HR
126,2025-12-17 12:06:50,Outlook,active,445,Operations
136,2025-12-17 13:43:38,Teams,idle,272,Finance
135,2025-12-17 13:45:06,Jira,active,708,Finance
114,2025-12-17 09:48:11,Outlook,idle,1352,HR
144,2025-12-17 11:08:55,Excel,active,150,IT
107,2025-12-17 12:13:35,Excel,active,528,Sales
135,2025-12-17 10:02:50,Outlook,idle,1138,Marketing
150,2025-12-17 15:40:00,Teams,idle,491,Marketing
113,2025-12-17 18:10:01,Jira,active,887,IT
127,2025-12-17 10:26:01,Chrome,active,297,Sales
133,2025-12-17 13:43:26,VSCode,idle,1229,Finance
117,2025-12-17 16:59:37,VSCode,idle,1410,IT
142,2025-12-17 18:11:19,PowerBI,idle,1619,Marketing
132,2025-12-17 14:45:44,SAP,active,771,Finance
118,2025-12-17 15:19:42,SAP,idle,470,Operations
111,2025-12-17 09:07:22,Excel,active,1177,Marketing
135,2025-12-17 14:14:11,Slack,active,1142,Marketing
113,2025-12-17 11:02:38,Excel,idle,1201,Marketing
136,2025-12-17 17:34:05,Teams,idle,524,Finance
124,2025-12-17 11:08:56,Slack,active,345,Operations
145,2025-12-17 16:46:38,Outlook,active,542,Marketing
126,2025-12-17 11:23:24,Slack,active,1016,IT
148,2025-12-17 11:57:50,VSCode,idle,1054,Finance
145,2025-12-17 16:32:50,PowerBI,idle,677,Marketing
116,2025-12-17 15:20:50,Outlook,idle,390,Finance
122,2025-12-17 11:06:39,SAP,active,926,Sales
103,2025-12-17 13:30:48,Chrome,idle,1692,HR
149,2025-12-17 17:12:26,PowerBI,idle,1225,IT
115,2025-12-17 17:06:04,VSCode,idle,47,Marketing
112,2025-12-17 11:59:59,Jira,active,958,Finance
122,2025-12-17 18:32:45,Teams,active,987,IT
132,2025-12-17 15:32:25,SAP,idle,557,Marketing
118,2025-12-17 15:47:09,Slack,idle,90,Sales
106,2025-12-17 18:13:28,Chrome,idle,823,Operations
142,2025-12-17 14:20:28,SAP,idle,1680,HR
130,2025-12-17 15:52:43,SAP,idle,1700,Marketing
104,2025-12-17 10:23:30,SAP,idle,266,Marketing
133,2025-12-17 12:07:18,Slack,active,63,Finance
134,2025-12-17 18:25:11,Slack,active,1361,Finance
145,2025-12-17 15:44:07,Teams,active,1547,Marketing
106,2025-12-17 18:52:59,VSCode,idle,1433,Sales
111,2025-12-17 12:18:14,Outlook,active,1052,Operations
107,2025-12-17 15:50:44,Outlook,active,515,IT
104,2025-12-17 13:20:30,Slack,active,603,IT
143,2025-12-17 15:15:01,SAP,active,303,Marketing
149,2025-12-17 09:31:10,Outlook,active,1362,Finance
119,2025-12-17 10:46:39,Chrome,idle,1116,Operations
137,2025-12-17 18:11:17,SAP,idle,98,Operations
141,2025-12-17 09:56:42,Outlook,active,1635,Finance
117,2025-12-17 13:47:11,Teams,idle,915,Operations
144,2025-12-17 10:43:19,PowerBI,idle,880,IT
106,2025-12-17 12:27:33,Outlook,idle,652,Operations
144,2025-12-17 10:55:18,Outlook,active,655,Operations
123,2025-12-17 09:30:22,Chrome,idle,516,Operations
111,2025-12-17 17:45:30,Outlook,active,105,Sales
104,2025-12-17 17:29:48,SAP,idle,368,Operations
104,2025-12-17 12:05:27,Teams,idle,418,IT
113,2025-12-17 15:11:23,VSCode,idle,1302,IT
143,2025-12-17 12:35:25,Chrome,idle,1123,Operations
121,2025-12-17 10:10:03,Chrome,active,660,Finance
126,2025-12-17 18:30:50,Excel,idle,1345,Operations
113,2025-12-17 13:54:24,Jira,idle,148,HR
125,2025-12-17 09:39:47,SAP,active,1010,Marketing
136,2025-12-17 13:05:09,Excel,active,1060,Operations
132,2025-12-17 10:17:23,SAP,active,1025,IT
119,2025-12-17 18:54:31,Excel,active,1396,Marketing
105,2025-12-17 15:37:56,Excel,active,34,IT
127,2025-12-17 13:37:09,Slack,active,1788,Marketing
150,2025-12-17 11:38:00,Jira,active,1592,Marketing
101,2025-12-17 14:22:12,SAP,idle,1168,IT
141,2025-12-17 09:59:07,Teams,active,1632,IT
123,2025-12-17 14:47:41,VSCode,idle,1017,IT
136,2025-12-17 12:06:34,Outlook,active,855,IT
128,2025-12-17 16:54:16,Outlook,active,800,HR
120,2025-12-17 17:41:44,Chrome,idle,1572,Finance
102,2025-12-17 18:47:23,Chrome,active,352,Sales
105,2025-12-17 10:49:36,PowerBI,idle,391,Marketing
112,2025-12-17 10:26:12,Chrome,active,1781,Sales
146,2025-12-17 17:15:22,Outlook,active,228,Marketing
113,2025-12-17 10:46:55,Teams,idle,1402,Finance
121,2025-12-17 09:59:15,Teams,active,542,Finance
112,2025-12-17 12:04:38,Excel,active,263,Marketing
115,2025-12-17 12:49:52,Excel,active,793,HR
145,2025-12-17 11:49:14,VSCode,active,601,Sales
101,2025-12-17 16:38:16,Teams,active,1253,HR
126,2025-12-17 15:02:49,Slack,idle,1150,HR
132,2025-12-17 09:37:57,Outlook,idle,792,IT
122,2025-12-17 14:26:02,Jira,active,454,Sales
113,2025-12-17 10:12:23,SAP,idle,470,Sales
115,2025-12-17 11:56:12,VSCode,active,1342,Operations
124,2025-12-17 11:50:30,Outlook,active,1207,Sales
121,2025-12-17 10:41:10,PowerBI,idle,735,Finance
131,2025-12-17 18:47:28,SAP,idle,1564,Marketing
107,2025-12-17 10:52:12,Chrome,active,636,Finance
120,2025-12-17 12:27:21,PowerBI,idle,93,HR
127,2025-12-17 12:00:35,Slack,active,376,HR
116,2025-12-17 12:04:18,SAP,active,1560,Finance
121,2025-12-17 13:57:10,Jira,idle,198,IT
135,2025-12-17 09:22:57,Chrome,idle,507,Marketing
107,2025-12-17 17:02:46,Jira,active,327,IT
137,2025-12-17 09:50:07,Excel,active,611,Operations
136,2025-12-17 15:34:36,VSCode,idle,1556,Sales
134,2025-12-17 14:08:11,Slack,active,832,Finance
117,2025-12-17 16:32:45,SAP,active,1280,Operations
150,2025-12-17 12:59:57,Jira,idle,1730,HR
111,2025-12-17 15:54:10,Outlook,active,1199,Sales
124,2025-12-17 18:15:03,PowerBI,active,639,IT
134,2025-12-17 16:16:36,VSCode,idle,553,Finance
103,2025-12-17 12:15:55,Jira,idle,1649,Finance
147,2025-12-17 10:09:28,Slack,active,146,HR
124,2025-12-17 18:29:05,SAP,active,1628,Sales
127,2025-12-17 10:13:02,Jira,idle,228,Finance
136,2025-12-17 18:07:40,SAP,idle,1791,Finance
103,2025-12-17 17:44:56,Jira,active,544,IT
128,2025-12-17 12:29:36,PowerBI,active,387,Sales
103,2025-12-17 15:28:14,Jira,idle,727,HR
102,2025-12-17 11:40:46,SAP,idle,1441,IT
123,2025-12-17 13:49:33,Outlook,active,1132,IT
147,2025-12-17 10:04:41,Teams,active,336,Operations
105,2025-12-17 15:22:07,VSCode,idle,1666,Finance
105,2025-12-17 13:32:34,Chrome,idle,263,Sales
139,2025-12-17 09:56:01,Slack,idle,1123,Operations
125,2025-12-17 09:24:46,VSCode,idle,1545,IT
145,2025-12-17 10:43:11,Jira,idle,1377,IT
140,2025-12-17 09:00:54,Chrome,idle,1158,Sales
135,2025-12-17 15:36:20,Chrome,idle,1206,HR
143,2025-12-17 18:41:23,VSCode,active,875,Operations
119,2025-12-17 16:11:06,SAP,active,1380,Operations
128,2025-12-17 11:21:39,Chrome,idle,333,HR
126,2025-12-17 11:43:07,Teams,idle,1303,Sales
126,2025-12-17 14:51:23,Teams,idle,747,IT
113,2025-12-17 15:27:18,Chrome,idle,843,Finance
143,2025-12-17 09:56:29,Jira,active,312,Marketing
148,2025-12-17 17:12:10,Slack,idle,148,Operations
118,2025-12-17 17:58:53,Teams,active,1517,IT
140,2025-12-17 12:47:29,Chrome,active,1294,HR
142,2025-12-17 17:11:03,Jira,idle,1015,HR
136,2025-12-17 18:08:17,Slack,idle,1660,Marketing
147,2025-12-17 13:08:31,Slack,idle,528,HR
105,2025-12-17 10:40:47,SAP,active,1581,Marketing
138,2025-12-17 10:27:12,Teams,idle,1169,IT
122,2025-12-17 14:21:49,Chrome,idle,262,Marketing
119,2025-12-17 17:34:11,Slack,active,1558,IT
137,2025-12-17 13:01:17,Chrome,active,968,Sales
141,2025-12-17 15:37:32,Slack,active,635,Marketing
138,2025-12-17 15:24:54,SAP,idle,681,Marketing
117,2025-12-17 16:47:43,Excel,active,647,HR
112,2025-12-17 13:07:22,Teams,active,105,Marketing
145,2025-12-17 17:10:55,Outlook,active,1177,Sales
147,2025-12-17 12:50:00,Outlook,active,1469,Marketing
113,2025-12-17 18:09:04,Slack,idle,893,Operations
137,2025-12-17 12:32:40,Chrome,idle,968,Operations
141,2025-12-17 13:11:13,SAP,idle,923,Sales
124,2025-12-17 09:32:44,Excel,idle,715,Sales
123,2025-12-17 13:14:31,Teams,active,1240,Marketing
124,2025-12-17 18:11:55,Teams,active,1411,Marketing
130,2025-12-17 18:06:29,PowerBI,active,1312,IT
111,2025-12-17 11:46:25,SAP,idle,1431,Sales
145,2025-12-17 11:34:41,Slack,idle,1012,HR
115,2025-12-17 10:47:47,PowerBI,idle,1398,Finance
129,2025-12-17 10:33:27,Excel,idle,1193,IT
140,2025-12-17 11:53:19,PowerBI,active,482,Finance
111,2025-12-17 17:16:00,Slack,active,1733,HR
133,2025-12-17 18:48:00,VSCode,active,999,Operations
132,2025-12-17 14:55:11,Teams,active,1701,IT
112,2025-12-17 14:12:35,Slack,active,544,HR
116,2025-12-17 18:43:28,VSCode,idle,1434,HR
111,2025-12-17 15:57:00,Teams,idle,347,Sales
107,2025-12-17 17:03:13,SAP,active,755,Marketing
119,2025-12-17 16:46:48,VSCode,active,637,Finance
147,2025-12-17 11:39:40,Chrome,idle,871,HR
103,2025-12-17 13:17:20,Teams,active,618,Marketing
134,2025-12-17 15:58:56,Excel,idle,455,HR
136,2025-12-17 09:48:00,Jira,idle,1257,Marketing
109,2025-12-17 18:33:43,SAP,active,1142,Sales
121,2025-12-17 17:07:51,Teams,active,944,Sales
115,2025-12-17 10:22:48,VSCode,active,1351,Marketing
143,2025-12-17 14:35:21,Chrome,idle,524,Operations
141,2025-12-17 09:42:33,Chrome,active,1328,IT
138,2025-12-17 12:26:40,Teams,active,1056,Sales
141,2025-12-17 11:51:56,Slack,active,409,Marketing
124,2025-12-17 16:06:18,Outlook,active,1586,Finance
114,2025-12-17 16:11:40,Excel,active,1023,HR
119,2025-12-17 10:04:02,Teams,active,149,Operations
132,2025-12-17 18:08:32,Teams,idle,1570,Operations
149,2025-12-17 18:59:19,Jira,idle,1625,IT
140,2025-12-17 10:05:02,Slack,active,93,Operations
127,2025-12-17 14:39:00,PowerBI,active,626,Sales
122,2025-12-17 16:28:59,Jira,active,520,Sales
116,2025-12-17 14:50:31,Jira,active,1761,Sales
128,2025-12-17 15:11:52,Teams,active,465,HR
150,2025-12-17 14:02:45,SAP,active,638,Marketing
117,2025-12-17 15:58:59,SAP,active,709,Finance
116,2025-12-17 10:53:22,Slack,active,392,Sales
111,2025-12-17 16:36:16,Teams,idle,235,Finance
136,2025-12-17 11:13:19,PowerBI,idle,1656,IT
104,2025-12-17 14:18:00,SAP,idle,561,Finance
140,2025-12-17 17:58:15,Teams,active,1725,HR
147,2025-12-17 14:39:57,PowerBI,active,1606,HR
117,2025-12-17 12:19:06,Jira,active,350,HR
108,2025-12-17 14:47:57,Outlook,idle,1089,IT
141,2025-12-17 12:56:59,Jira,idle,1237,Marketing
123,2025-12-17 11:14:57,Chrome,idle,392,Operations
144,2025-12-17 18:47:01,Jira,active,1501,Marketing
149,2025-12-17 17:42:07,PowerBI,active,424,Finance
143,2025-12-17 18:51:23,Chrome,idle,1744,HR
110,2025-12-17 10:29:54,Slack,idle,170,Marketing
112,2025-12-17 13:33:01,VSCode,active,1780,Marketing
144,2025-12-17 10:31:19,Outlook,active,1071,Marketing
142,2025-12-17 18:51:43,PowerBI,idle,560,HR
121,2025-12-17 18:53:34,VSCode,idle,110,Sales
145,2025-12-17 11:29:45,VSCode,active,1671,Sales
144,2025-12-17 15:36:17,Teams,active,278,Finance
104,2025-12-17 16:07:00,Teams,idle,1134,HR
112,2025-12-17 16:22:46,Slack,active,1448,IT
133,2025-12-17 17:40:43,Teams,idle,1480,HR
139,2025-12-17 17:11:46,Outlook,idle,551,Sales
133,2025-12-17 09:40:51,Outlook,idle,930,Finance
107,2025-12-17 14:46:31,Chrome,idle,1768,HR
103,2025-12-17 17:36:21,Slack,active,1092,Sales
150,2025-12-17 09:03:23,Outlook,active,694,IT
147,2025-12-17 10:17:17,Outlook,idle,1518,Operations
143,2025-12-17 15:44:01,Jira,idle,172,Operations
112,2025-12-17 15:27:11,VSCode,idle,372,HR
137,2025-12-17 13:58:47,Outlook,idle,408,Finance
131,2025-12-17 18:31:12,Jira,idle,788,Operations
102,2025-12-17 15:06:18,Excel,idle,1621,HR
145,2025-12-17 12:04:03,Jira,idle,1461,Sales
137,2025-12-17 14:44:26,Jira,idle,104,Marketing
136,2025-12-17 12:47:37,Teams,idle,1042,Operations
148,2025-12-17 11:17:52,Jira,idle,193,Finance
117,2025-12-17 13:31:51,Slack,idle,1028,Operations
135,2025-12-17 10:07:14,Slack,active,1573,Operations
122,2025-12-17 15:35:13,Jira,idle,1570,Marketing
135,2025-12-17 12:36:07,Chrome,idle,1574,Marketing
117,2025-12-17 11:09:52,PowerBI,idle,910,Operations
120,2025-12-17 17:02:37,Excel,idle,598,Operations
138,2025-12-17 17:44:36,Jira,active,1274,Finance
122,2025-12-17 16:48:22,Jira,active,1669,Marketing
138,2025-12-17 12:30:53,SAP,active,337,Sales
121,2025-12-17 13:57:11,Outlook,idle,98,IT
135,2025-12-17 11:04:02,Jira,active,491,Marketing
149,2025-12-17 15:12:48,Teams,idle,97,HR
125,2025-12-17 14:25:22,Excel,idle,497,Finance
132,2025-12-17 10:28:04,Outlook,idle,1131,Sales
102,2025-12-17 14:35:11,Excel,active,207,Operations
135,2025-12-17 09:11:00,Outlook,active,645,Finance
137,2025-12-17 12:01:41,Excel,active,1604,IT
131,2025-12-17 15:14:35,Outlook,active,704,Finance
110,2025-12-17 17:56:30,Excel,active,746,HR
121,2025-12-17 10:35:33,Excel,idle,275,Operations
120,2025-12-17 12:23:41,Outlook,idle,1236,Sales
147,2025-12-17 13:39:45,SAP,active,987,Operations
125,2025-12-17 17:43:14,Slack,idle,1591,Sales
131,2025-12-17 09:37:29,SAP,idle,485,Finance
137,2025-12-17 10:53:46,Teams,active,1649,Marketing
122,2025-12-17 15:33:53,Excel,active,1071,IT
138,2025-12-17 12:08:38,Jira,active,1375,Finance
135,2025-12-17 15:51:20,VSCode,idle,216,Operations
143,2025-12-17 11:50:27,Teams,active,1582,Sales
111,2025-12-17 12:03:22,Chrome,idle,263,Sales
139,2025-12-17 13:11:38,Slack,idle,1244,Marketing
102,2025-12-17 11:27:57,Teams,idle,564,Finance
146,2025-12-17 10:06:06,VSCode,idle,1204,Marketing
125,2025-12-17 12:52:29,SAP,idle,735,Sales
108,2025-12-17 14:00:22,Outlook,idle,316,IT
131,2025-12-17 12:02:28,VSCode,active,850,HR
112,2025-12-17 18:51:37,Excel,idle,1048,IT
130,2025-12-17 11:06:37,Outlook,active,651,Marketing
101,2025-12-17 09:12:29,Outlook,idle,878,Sales
142,2025-12-17 16:02:20,SAP,active,852,Marketing
144,2025-12-17 10:21:45,PowerBI,active,998,Operations
116,2025-12-17 15:07:28,Jira,idle,819,Operations
122,2025-12-17 12:49:29,SAP,idle,1739,Sales
104,2025-12-17 16:27:14,Teams,active,1095,Finance
126,2025-12-17 15:13:36,Outlook,active,237,IT
114,2025-12-17 16:16:25,VSCode,idle,462,Finance
121,2025-12-17 15:31:13,Excel,idle,1249,Finance
115,2025-12-17 17:15:08,Excel,active,1755,HR
142,2025-12-17 15:27:21,Jira,active,1024,Sales
134,2025-12-17 10:40:39,SAP,active,1715,IT
105,2025-12-17 17:08:50,Outlook,active,783,HR
118,2025-12-17 18:53:44,Chrome,idle,996,Marketing
137,2025-12-17 16:10:10,Teams,active,1574,Sales
120,2025-12-17 15:25:59,SAP,idle,1113,Operations
137,2025-12-17 09:39:59,Teams,active,710,Finance
103,2025-12-17 13:59:24,Teams,active,1207,IT
102,2025-12-17 09:06:30,VSCode,idle,137,Sales
106,2025-12-17 10:02:09,Excel,idle,451,Finance
122,2025-12-17 14:37:57,Outlook,idle,641,IT
137,2025-12-17 15:46:38,Excel,active,615,IT
146,2025-12-17 11:00:59,Slack,active,651,Sales
145,2025-12-17 13:54:30,PowerBI,active,1534,Marketing
112,2025-12-17 10:03:50,VSCode,active,1192,Operations
136,2025-12-17 18:49:43,VSCode,idle,867,Operations
107,2025-12-17 10:18:43,Slack,idle,722,HR
134,2025-12-17 17:26:47,PowerBI,active,124,Operations
139,2025-12-17 12:13:14,Slack,active,453,Finance
114,2025-12-17 13:53:05,Excel,active,683,Sales
108,2025-12-17 10:20:11,Outlook,active,1054,Operations
107,2025-12-17 13:53:24,Outlook,active,467,Operations
106,2025-12-17 13:23:55,Teams,active,1002,Operations
101,2025-12-17 11:04:09,Chrome,active,50,IT
124,2025-12-17 16:19:19,Teams,active,637,IT
146,2025-12-17 16:37:57,SAP,idle,1423,Operations
144,2025-12-17 17:53:31,Excel,active,1055,Marketing
105,2025-12-17 12:19:17,Chrome,idle,1209,Sales
124,2025-12-17 12:36:41,SAP,active,438,Sales
135,2025-12-17 10:04:47,VSCode,active,1262,Marketing
115,2025-12-17 10:36:27,PowerBI,idle,891,Sales
110,2025-12-17 13:36:31,SAP,idle,500,Sales
113,2025-12-17 15:16:51,Teams,active,1398,Operations
125,2025-12-17 10:44:14,Jira,active,1209,Operations
122,2025-12-17 10:46:36,PowerBI,idle,1012,Operations
102,2025-12-17 15:46:59,Excel,active,1792,Sales
149,2025-12-17 12:34:39,SAP,idle,681,Finance
147,2025-12-17 17:09:40,Chrome,active,541,Finance
123,2025-12-17 18:57:46,Outlook,active,609,Marketing
101,2025-12-17 13:20:33,Outlook,idle,277,HR
118,2025-12-17 11:22:56,VSCode,active,1190,Finance
150,2025-12-17 15:19:22,Excel,idle,1667,Finance
141,2025-12-17 12:17:54,Chrome,idle,38,Finance
146,2025-12-17 12:47:50,Outlook,active,579,Sales
131,2025-12-17 18:35:51,Excel,active,1688,Finance
142,2025-12-17 18:09:32,VSCode,idle,1529,HR
105,2025-12-17 16:57:12,PowerBI,idle,32,Operations
130,2025-12-17 16:39:45,VSCode,active,1659,Operations
115,2025-12-17 15:30:51,Slack,active,125,Marketing
116,2025-12-17 18:45:55,VSCode,active,941,Operations
137,2025-12-17 15:36:10,Outlook,idle,359,Finance
150,2025-12-17 11:15:15,Slack,active,1689,Marketing
122,2025-12-17 09:40:25,Jira,idle,585,Finance
130,2025-12-17 14:18:11,Teams,idle,846,Finance
104,2025-12-17 18:11:58,Jira,idle,344,Operations
118,2025-12-17 14:45:08,SAP,active,350,Operations
125,2025-12-17 11:24:38,Jira,active,1117,HR
128,2025-12-17 17:15:45,VSCode,idle,1479,Finance
122,2025-12-17 14:33:42,Jira,active,969,HR
145,2025-12-17 15:48:51,Jira,idle,1106,IT
144,2025-12-17 11:23:05,Slack,active,1222,Sales
133,2025-12-17 13:18:35,Outlook,active,1585,IT
139,2025-12-17 10:47:08,Jira,idle,553,Marketing
106,2025-12-17 18:59:59,VSCode,active,747,Marketing
123,2025-12-17 18:35:22,Slack,active,478,Operations
122,2025-12-17 12:04:33,Chrome,active,924,Operations
118,2025-12-17 13:50:07,Jira,idle,1457,Operations
134,2025-12-17 15:33:47,Outlook,active,1479,HR
149,2025-12-17 18:32:37,Slack,active,1003,Finance
145,2025-12-17 09:25:05,VSCode,idle,64,Marketing
144,2025-12-17 14:35:56,PowerBI,idle,1591,Marketing
125,2025-12-17 11:27:42,VSCode,active,1764,Finance
140,2025-12-17 13:52:09,Teams,active,1554,Finance
130,2025-12-17 17:56:18,SAP,active,1557,Sales
102,2025-12-17 13:45:37,PowerBI,active,1418,Marketing
125,2025-12-17 11:15:16,Outlook,idle,1759,Operations
140,2025-12-17 12:57:08,SAP,idle,44,Operations
103,2025-12-17 15:37:03,SAP,active,1436,Operations
138,2025-12-17 16:13:36,SAP,active,1041,Marketing
142,2025-12-17 14:22:11,Slack,idle,1007,Operations
150,2025-12-17 17:33:41,Slack,active,1116,IT
106,2025-12-17 18:09:41,Chrome,idle,1782,Finance
132,2025-12-17 09:51:26,Excel,idle,1390,Finance
125,2025-12-17 09:03:13,PowerBI,active,1173,Operations
115,2025-12-17 09:20:08,Jira,idle,768,IT
117,2025-12-17 18:25:24,Excel,idle,252,Operations
110,2025-12-17 15:08:37,SAP,idle,1545,Marketing
135,2025-12-17 11:19:34,Outlook,idle,164,Operations
104,2025-12-17 09:19:21,VSCode,idle,1618,Marketing
150,2025-12-17 13:43:25,SAP,idle,1714,Sales
116,2025-12-17 09:44:59,VSCode,active,1120,IT
105,2025-12-17 14:09:56,SAP,idle,652,HR
146,2025-12-17 10:28:02,Slack,idle,1245,HR
142,2025-12-17 16:45:24,SAP,idle,322,IT
103,2025-12-17 10:15:13,Outlook,active,1164,Sales
138,2025-12-17 12:34:35,SAP,idle,247,Marketing
136,2025-12-17 16:02:44,Slack,active,47,Operations
107,2025-12-17 14:53:50,SAP,active,813,Operations
110,2025-12-17 09:27:22,Outlook,active,1198,HR
138,2025-12-17 16:46:51,Chrome,active,1773,IT
105,2025-12-17 16:05:54,Slack,active,1775,Operations
110,2025-12-17 10:30:39,Jira,active,1110,HR
129,2025-12-17 16:58:15,Slack,active,1436,Marketing
149,2025-12-17 15:19:55,SAP,idle,888,HR
109,2025-12-17 09:02:53,Jira,idle,713,IT
110,2025-12-17 12:39:50,SAP,idle,1705,Sales
111,2025-12-17 11:28:02,Slack,idle,269,HR
125,2025-12-17 13:02:57,PowerBI,active,1382,HR
123,2025-12-17 16:37:34,SAP,active,825,IT
150,2025-12-17 18:06:59,Slack,idle,234,HR
142,2025-12-17 09:39:34,Teams,active,430,HR
119,2025-12-17 11:04:03,Chrome,active,1760,Operations
146,2025-12-17 12:34:06,Outlook,idle,756,IT
138,2025-12-17 15:50:08,Outlook,idle,47,Sales
137,2025-12-17 18:51:12,Chrome,idle,386,IT
124,2025-12-17 15:00:17,Jira,idle,985,Marketing
146,2025-12-17 11:37:38,Excel,active,791,Operations
144,2025-12-17 16:38:07,Jira,active,458,IT
139,2025-12-17 17:50:05,Jira,idle,495,IT
109,2025-12-17 09:24:05,Slack,idle,1599,Operations
122,2025-12-17 14:44:53,SAP,active,1714,Sales
131,2025-12-17 18:02:05,Slack,active,1797,Operations
139,2025-12-17 10:27:14,PowerBI,idle,418,Operations
137,2025-12-17 17:54:16,Slack,active,632,Marketing
102,2025-12-17 12:28:50,Excel,idle,1723,Operations
133,2025-12-17 16:42:56,Outlook,idle,254,Sales
103,2025-12-17 17:14:59,Chrome,idle,1688,Finance
145,2025-12-17 11:00:50,SAP,idle,1343,Finance
144,2025-12-17 10:43:32,Chrome,idle,1261,Operations
148,2025-12-17 10:18:23,PowerBI,idle,223,Operations
144,2025-12-17 10:55:07,Jira,active,1734,IT
108,2025-12-17 14:54:12,Slack,idle,1101,Operations
107,2025-12-17 14:32:12,VSCode,active,1123,IT
144,2025-12-17 16:45:38,Jira,idle,1563,Operations
112,2025-12-17 09:31:13,Jira,idle,1426,HR
130,2025-12-17 11:36:37,Teams,active,236,Marketing
128,2025-12-17 15:38:22,Chrome,active,1240,Sales
120,2025-12-17 17:10:38,Chrome,idle,870,Marketing
119,2025-12-17 17:49:42,Excel,idle,378,IT
126,2025-12-17 09:00:24,Jira,idle,1350,Marketing
119,2025-12-17 18:34:19,Outlook,active,717,Operations
127,2025-12-17 12:01:03,SAP,idle,1488,Sales
115,2025-12-17 16:02:56,Chrome,active,771,Finance
137,2025-12-17 17:00:54,Teams,idle,494,IT
108,2025-12-17 17:54:31,Teams,idle,1055,Operations
120,2025-12-17 09:46:17,Chrome,active,1513,Sales
142,2025-12-17 11:16:27,PowerBI,active,1269,IT
138,2025-12-17 14:40:08,Excel,idle,1251,IT
133,2025-12-17 17:30:06,Slack,active,980,Sales
106,2025-12-17 17:56:39,Teams,idle,1123,Marketing
128,2025-12-17 18:04:15,Outlook,idle,1483,Operations
141,2025-12-17 16:42:56,SAP,active,1237,Finance
102,2025-12-17 12:25:38,VSCode,idle,698,Operations
131,2025-12-17 14:15:44,Chrome,idle,624,HR
109,2025-12-17 13:24:41,Slack,idle,1199,Finance
126,2025-12-17 13:14:26,Teams,active,682,Finance
147,2025-12-17 11:20:11,Jira,idle,1053,Operations
128,2025-12-17 16:52:32,Outlook,active,134,IT
142,2025-12-17 11:54:25,SAP,active,70,HR
130,2025-12-17 17:32:08,Outlook,idle,481,Finance
147,2025-12-17 14:17:01,Chrome,idle,475,Operations
136,2025-12-17 17:13:22,PowerBI,active,1336,Finance
147,2025-12-17 16:27:50,VSCode,active,1104,Marketing
140,2025-12-17 12:12:05,VSCode,idle,830,Operations
126,2025-12-17 14:02:18,PowerBI,idle,632,Sales
145,2025-12-17 10:20:30,Outlook,idle,1768,Operations
117,2025-12-17 18:11:30,Slack,idle,1208,Sales
130,2025-12-17 13:07:20,SAP,idle,33,IT
138,2025-12-17 15:16:52,PowerBI,active,38,IT
114,2025-12-17 17:26:08,Outlook,active,236,Finance
130,2025-12-17 13:25:10,Excel,idle,519,Marketing
137,2025-12-17 14:25:53,VSCode,active,1113,IT
122,2025-12-17 14:37:55,PowerBI,idle,1336,Finance
117,2025-12-17 18:22:46,Teams,active,205,Finance
127,2025-12-17 11:02:41,Excel,active,116,Finance
128,2025-12-17 13:55:03,Outlook,active,1032,IT
138,2025-12-17 14:28:39,Outlook,active,1102,Marketing
118,2025-12-17 14:58:58,PowerBI,idle,1668,Marketing
149,2025-12-17 12:50:37,SAP,active,946,IT
132,2025-12-17 15:23:36,Slack,idle,299,Sales
140,2025-12-17 10:51:26,SAP,idle,1065,Operations
133,2025-12-17 11:18:14,Outlook,idle,205,Marketing
106,2025-12-17 15:24:12,Slack,idle,208,Sales
106,2025-12-17 10:23:29,Excel,idle,988,Operations
102,2025-12-17 12:49:01,PowerBI,idle,770,HR
111,2025-12-17 14:03:33,SAP,idle,906,HR
120,2025-12-17 09:11:39,SAP,idle,1678,IT
142,2025-12-17 11:50:55,PowerBI,idle,1606,HR
138,2025-12-17 11:22:38,VSCode,active,237,Sales
119,2025-12-17 10:46:38,VSCode,active,1784,Marketing
117,2025-12-17 11:00:19,Excel,idle,1638,IT
141,2025-12-17 09:03:20,Chrome,active,332,Finance
150,2025-12-17 09:35:30,Outlook,active,300,Sales
146,2025-12-17 17:43:19,Jira,active,863,HR
121,2025-12-17 10:23:50,Excel,idle,1096,Sales
139,2025-12-17 15:19:28,Teams,active,615,Operations
135,2025-12-17 15:37:21,VSCode,idle,1417,Sales
143,2025-12-17 15:03:31,VSCode,active,209,IT
101,2025-12-17 10:38:05,Chrome,idle,1782,Sales
119,2025-12-17 10:49:43,Jira,idle,1749,Finance
144,2025-12-17 10:17:47,Chrome,idle,1759,Sales
137,2025-12-17 10:02:15,Teams,active,194,Finance
123,2025-12-17 12:29:16,Chrome,idle,274,HR
137,2025-12-17 10:33:23,Chrome,active,685,HR
143,2025-12-17 11:18:35,Slack,idle,149,IT
133,2025-12-17 12:48:30,Jira,active,258,Sales
130,2025-12-17 11:52:25,PowerBI,idle,566,Marketing
137,2025-12-17 16:45:23,PowerBI,idle,1265,IT
135,2025-12-17 17:53:45,Jira,active,87,IT
120,2025-12-17 18:34:08,Excel,active,1624,Marketing
149,2025-12-17 13:09:26,Teams,idle,1292,Finance
138,2025-12-17 12:40:33,Chrome,idle,647,Finance
141,2025-12-17 11:46:18,PowerBI,idle,1179,Marketing
115,2025-12-17 16:35:27,SAP,active,344,Marketing
134,2025-12-17 17:01:18,SAP,idle,493,Marketing
126,2025-12-17 14:17:47,VSCode,active,284,HR
129,2025-12-17 18:31:33,Jira,idle,1222,Finance
117,2025-12-17 15:01:50,Chrome,idle,1272,Operations
150,2025-12-17 15:58:39,Teams,idle,449,Operations
144,2025-12-17 17:01:14,SAP,active,179,Operations
121,2025-12-17 12:23:29,Excel,idle,986,Sales
126,2025-12-17 12:08:13,Teams,idle,585,IT
132,2025-12-17 18:03:16,Chrome,idle,1022,Sales
134,2025-12-17 14:37:06,Chrome,idle,924,Marketing
146,2025-12-17 16:50:39,PowerBI,active,481,IT
117,2025-12-17 17:45:59,Teams,active,448,Marketing
104,2025-12-17 16:20:42,Excel,idle,931,Sales
140,2025-12-17 14:06:21,PowerBI,active,1460,Marketing
111,2025-12-17 13:39:00,SAP,idle,1028,Marketing
113,2025-12-17 14:20:47,PowerBI,active,50,HR
118,2025-12-17 16:34:58,Slack,idle,709,IT
137,2025-12-17 18:50:52,SAP,active,305,HR
134,2025-12-17 18:46:10,SAP,idle,1273,Marketing
149,2025-12-17 10:41:19,Outlook,idle,1461,Marketing
104,2025-12-17 18:33:05,Teams,active,960,HR
138,2025-12-17 14:42:09,Chrome,idle,773,Marketing
121,2025-12-17 15:00:33,Excel,idle,1531,Sales
134,2025-12-17 15:11:20,PowerBI,idle,1702,HR
113,2025-12-17 10:31:17,Excel,active,1339,IT
144,2025-12-17 11:22:55,Excel,active,1296,Marketing
132,2025-12-17 11:56:56,Chrome,active,724,IT
122,2025-12-17 17:46:32,Outlook,idle,1127,Sales
118,2025-12-17 10:20:40,Jira,idle,224,Marketing
150,2025-12-17 14:28:35,PowerBI,idle,344,IT
123,2025-12-17 14:41:16,Jira,active,537,Finance
136,2025-12-17 10:06:48,Teams,idle,1065,HR
130,2025-12-17 09:20:50,Slack,active,1202,Finance
104,2025-12-17 10:49:04,VSCode,idle,998,Marketing
109,2025-12-17 17:47:13,Teams,active,80,IT
139,2025-12-17 11:32:18,Slack,idle,1199,HR
126,2025-12-17 14:28:35,Excel,active,761,HR
140,2025-12-17 18:32:05,Jira,active,107,Sales
121,2025-12-17 09:04:05,PowerBI,active,1772,IT
129,2025-12-17 12:39:33,Outlook,active,1120,Marketing
148,2025-12-17 14:14:33,PowerBI,active,1297,IT
141,2025-12-17 13:27:20,SAP,active,646,Finance
146,2025-12-17 10:19:33,PowerBI,idle,907,Marketing
125,2025-12-17 16:04:37,Chrome,idle,1397,Finance
110,2025-12-17 11:06:27,SAP,active,1488,IT
109,2025-12-17 09:03:43,SAP,active,690,HR
105,2025-12-17 13:32:16,SAP,idle,1764,Marketing
141,2025-12-17 09:35:45,Jira,idle,50,Finance
107,2025-12-17 11:32:07,PowerBI,idle,1660,IT
120,2025-12-17 15:48:21,Excel,active,372,Marketing
104,2025-12-17 14:35:04,Excel,idle,1549,HR
112,2025-12-17 13:45:50,Jira,idle,202,Finance
136,2025-12-17 15:46:08,Slack,active,527,Marketing
109,2025-12-17 18:41:55,Teams,idle,1420,Marketing
104,2025-12-17 11:26:49,Outlook,idle,1058,Sales
138,2025-12-17 17:13:51,Excel,idle,1639,Marketing
120,2025-12-17 13:01:55,Excel,active,1110,Sales
139,2025-12-17 09:24:43,Teams,idle,282,Finance
146,2025-12-17 14:36:37,Outlook,active,1617,Finance
133,2025-12-17 16:20:37,Chrome,active,673,Finance
120,2025-12-17 15:12:48,VSCode,active,48,Operations
113,2025-12-17 14:08:45,SAP,idle,1253,Sales
105,2025-12-17 16:36:04,PowerBI,idle,1583,IT
115,2025-12-17 17:13:35,PowerBI,idle,938,IT
145,2025-12-17 09:57:43,Outlook,idle,1397,Finance
136,2025-12-17 09:08:13,SAP,active,1437,HR
138,2025-12-17 14:40:03,Teams,active,1144,HR
121,2025-12-17 13:26:38,Chrome,idle,897,Sales
117,2025-12-17 16:45:54,Teams,idle,779,Sales
124,2025-12-17 11:11:12,Outlook,active,1456,Sales
140,2025-12-17 15:39:55,Chrome,active,362,HR
150,2025-12-17 12:01:55,PowerBI,active,176,Operations
101,2025-12-17 14:59:21,Chrome,idle,1503,Sales
122,2025-12-17 16:50:09,Chrome,active,606,Sales
126,2025-12-17 11:39:40,PowerBI,idle,961,Finance
145,2025-12-17 15:43:16,Teams,idle,713,Finance
108,2025-12-17 09:33:21,Outlook,idle,1251,Sales
116,2025-12-17 16:47:15,Teams,active,1289,IT
131,2025-12-17 10:40:32,SAP,active,1251,HR
116,2025-12-17 09:45:09,VSCode,active,1143,Sales
136,2025-12-17 12:11:41,Outlook,idle,1020,Marketing
112,2025-12-17 11:45:13,Teams,idle,946,Operations
123,2025-12-17 13:38:52,Jira,idle,898,HR
109,2025-12-17 13:50:45,VSCode,idle,1251,Sales
146,2025-12-17 17:01:04,Outlook,idle,1506,Marketing
120,2025-12-17 14:54:58,PowerBI,idle,1800,IT
120,2025-12-17 09:08:02,VSCode,idle,461,Operations
112,2025-12-17 16:55:48,SAP,idle,1291,Marketing
116,2025-12-17 16:21:55,SAP,idle,40,IT
124,2025-12-17 16:44:37,Excel,idle,866,HR
108,2025-12-17 12:40:04,Slack,active,601,Operations
114,2025-12-17 12:21:29,Slack,idle,1181,Finance
146,2025-12-17 18:22:33,PowerBI,active,891,Finance
135,2025-12-17 13:23:14,Jira,active,225,HR
131,2025-12-17 16:57:51,Chrome,idle,212,Operations
102,2025-12-17 11:18:46,Teams,idle,31,Finance
148,2025-12-17 10:23:14,Chrome,idle,706,Marketing
146,2025-12-17 18:30:58,Teams,active,1449,Finance
120,2025-12-17 10:40:22,Slack,active,727,HR
125,2025-12-17 17:12:25,Excel,active,1048,Operations
130,2025-12-17 15:00:06,Teams,idle,1007,IT
146,2025-12-17 13:13:18,Jira,active,1756,Finance
119,2025-12-17 12:23:34,Slack,active,1542,Operations
148,2025-12-17 15:36:05,Outlook,active,832,Finance
130,2025-12-17 11:11:52,Chrome,active,278,Operations
104,2025-12-17 11:42:40,Jira,active,1096,Operations
101,2025-12-17 17:37:12,Outlook,idle,699,HR
149,2025-12-17 15:13:44,Jira,idle,750,HR
112,2025-12-17 18:37:43,Chrome,idle,386,Operations
120,2025-12-17 10:06:47,VSCode,active,281,Sales
127,2025-12-17 16:10:44,Excel,active,162,Marketing
128,2025-12-17 11:44:12,VSCode,idle,1249,Sales
117,2025-12-17 11:49:31,VSCode,idle,1681,Sales
142,2025-12-17 17:49:40,Outlook,idle,417,Sales
106,2025-12-17 17:31:38,Slack,idle,1302,Operations
123,2025-12-17 12:14:06,PowerBI,idle,79,HR
113,2025-12-17 18:10:11,Excel,idle,304,Finance
113,2025-12-17 17:38:35,Excel,active,313,Sales
143,2025-12-17 14:42:36,Chrome,idle,1169,Finance
136,2025-12-17 12:37:41,Chrome,idle,1287,Finance
136,2025-12-17 15:49:18,Excel,active,1023,Sales
134,2025-12-17 12:17:49,Excel,active,1089,Marketing
146,2025-12-17 09:29:58,Teams,active,1090,Sales
135,2025-12-17 15:54:51,VSCode,active,951,IT
149,2025-12-17 16:29:23,Slack,idle,1597,Sales
124,2025-12-17 12:20:38,VSCode,active,783,Operations
108,2025-12-17 12:11:16,VSCode,idle,516,IT
107,2025-12-17 09:06:34,VSCode,active,126,IT
135,2025-12-17 14:24:56,Teams,idle,858,Finance
132,2025-12-17 09:15:00,SAP,active,1533,Finance
138,2025-12-17 11:40:08,Outlook,idle,395,Finance
106,2025-12-17 09:50:20,Jira,idle,872,Marketing
146,2025-12-17 15:19:52,Chrome,idle,119,Marketing
148,2025-12-17 17:08:00,SAP,idle,670,HR
121,2025-12-17 15:52:38,Slack,active,603,Marketing
134,2025-12-17 18:20:11,Excel,idle,650,Sales
136,2025-12-17 14:26:15,PowerBI,active,1186,HR
107,2025-12-17 11:48:30,Outlook,active,1319,Marketing
127,2025-12-17 16:12:51,Slack,idle,32,Finance
108,2025-12-17 18:23:45,VSCode,active,806,Finance
102,2025-12-17 13:18:14,Chrome,idle,1724,IT
148,2025-12-17 16:16:06,Chrome,idle,1685,Operations
118,2025-12-17 14:40:03,Jira,idle,1063,HR
129,2025-12-17 18:36:38,Slack,active,443,HR
126,2025-12-17 14:40:39,Slack,idle,822,HR
146,2025-12-17 14:36:22,VSCode,idle,353,IT
144,2025-12-17 17:17:13,Chrome,idle,1007,Finance
132,2025-12-17 17:14:48,Jira,idle,1666,IT
124,2025-12-17 13:31:00,Excel,idle,1585,HR
120,2025-12-17 14:36:55,Jira,idle,777,Sales
131,2025-12-17 15:13:38,Teams,idle,173,Sales
138,2025-12-17 09:59:31,PowerBI,idle,1772,Finance
131,2025-12-17 12:52:55,Excel,active,1178,Sales
148,2025-12-17 09:45:02,Jira,idle,864,Finance
116,2025-12-17 18:12:58,Excel,active,512,Sales
112,2025-12-17 18:10:07,Teams,idle,533,IT
147,2025-12-17 18:12:33,Chrome,idle,1716,Marketing
130,2025-12-17 17:05:16,SAP,idle,1634,IT
120,2025-12-17 15:17:00,Jira,idle,125,IT
118,2025-12-17 10:05:27,Teams,active,1553,Sales
121,2025-12-17 12:21:16,Jira,idle,1188,HR
138,2025-12-17 09:52:38,SAP,idle,871,Sales
128,2025-12-17 16:44:34,PowerBI,active,714,Finance
130,2025-12-17 10:14:23,Chrome,active,1459,Operations
104,2025-12-17 18:27:51,Excel,idle,440,HR
140,2025-12-17 14:42:33,Teams,idle,963,HR
119,2025-12-17 12:22:07,Outlook,idle,513,Finance
148,2025-12-17 17:20:06,Slack,active,686,Operations
103,2025-12-17 16:13:36,Jira,active,107,Operations
130,2025-12-17 12:53:24,VSCode,active,1329,IT
106,2025-12-17 11:42:33,Jira,idle,1220,IT
119,2025-12-17 09:33:29,Jira,active,1125,Operations
126,2025-12-17 15:48:43,Chrome,idle,977,Sales
135,2025-12-17 17:18:59,PowerBI,idle,1013,Sales
136,2025-12-17 14:19:09,SAP,idle,1344,IT
130,2025-12-17 09:24:45,VSCode,idle,1199,Operations
119,2025-12-17 14:06:08,Outlook,idle,894,Sales
121,2025-12-17 13:51:22,Teams,active,1262,Sales
134,2025-12-17 13:54:33,VSCode,active,374,Sales
137,2025-12-17 12:02:42,VSCode,active,991,Sales
149,2025-12-17 17:47:52,Slack,active,723,Operations
139,2025-12-17 15:13:12,Jira,idle,308,HR
121,2025-12-17 16:04:28,VSCode,idle,893,Marketing
101,2025-12-17 12:19:30,Teams,idle,1500,Finance
126,2025-12-17 16:27:05,Slack,idle,1165,Marketing
121,2025-12-17 12:57:38,SAP,active,1269,Sales
103,2025-12-17 15:45:21,Jira,active,1798,Marketing
124,2025-12-17 10:50:38,Teams,active,917,Sales
145,2025-12-17 17:20:39,VSCode,active,519,HR
101,2025-12-17 16:47:34,Teams,active,1575,HR
129,2025-12-17 09:33:28,VSCode,idle,1137,HR
124,2025-12-17 17:41:34,Teams,idle,311,Marketing
105,2025-12-17 18:16:00,Slack,idle,987,Finance
135,2025-12-17 11:49:11,VSCode,idle,72,Sales
122,2025-12-17 11:47:28,PowerBI,active,36,Operations
131,2025-12-17 09:53:57,SAP,idle,1571,Sales
116,2025-12-17 15:04:32,SAP,active,1155,Finance
127,2025-12-17 15:30:05,SAP,idle,1496,HR
108,2025-12-17 18:36:52,Jira,active,1024,Finance
133,2025-12-17 11:56:48,Slack,idle,1248,Operations
145,2025-12-17 16:40:23,PowerBI,active,1281,Finance
119,2025-12-17 16:35:32,Slack,active,1300,Operations
145,2025-12-17 15:23:15,SAP,idle,1368,Operations
107,2025-12-17 13:45:38,Slack,idle,174,Finance
144,2025-12-17 18:56:20,VSCode,active,1217,IT
118,2025-12-17 13:57:19,VSCode,active,350,IT
115,2025-12-17 12:50:13,Jira,idle,1651,Sales
104,2025-12-17 15:56:58,Jira,active,1261,IT
104,2025-12-17 18:04:56,VSCode,idle,795,Operations
130,2025-12-17 17:37:48,Excel,idle,557,Sales
127,2025-12-17 10:46:51,Excel,idle,646,Operations
123,2025-12-17 15:13:00,PowerBI,active,347,HR
101,2025-12-17 09:52:45,SAP,active,1002,Sales
133,2025-12-17 09:40:49,Outlook,active,933,Operations
137,2025-12-17 16:42:59,Slack,active,110,Marketing
136,2025-12-17 10:19:34,Teams,active,806,Operations
109,2025-12-17 18:11:19,Slack,idle,1315,Operations
128,2025-12-17 17:14:57,Outlook,idle,198,Finance
145,2025-12-17 16:03:12,Chrome,active,1124,Operations
108,2025-12-17 17:11:47,SAP,idle,64,HR
141,2025-12-17 14:48:20,SAP,active,259,Marketing
107,2025-12-17 15:39:30,Outlook,active,87,Finance
136,2025-12-17 11:01:31,PowerBI,active,626,Finance
126,2025-12-17 18:34:53,VSCode,active,523,IT
101,2025-12-17 15:23:26,Jira,idle,1023,Marketing
141,2025-12-17 16:41:50,VSCode,active,1462,Finance
129,2025-12-17 13:07:16,Outlook,active,1039,Operations
104,2025-12-17 16:56:07,Excel,active,1469,Finance
148,2025-12-17 15:46:08,PowerBI,active,239,Marketing
108,2025-12-17 14:27:24,Chrome,idle,1637,HR
121,2025-12-17 11:55:29,SAP,idle,1575,HR
116,2025-12-17 09:47:10,Chrome,idle,881,HR
145,2025-12-17 09:44:41,Jira,idle,768,IT
130,2025-12-17 17:56:10,Jira,idle,1472,Sales
150,2025-12-17 09:03:05,PowerBI,active,465,Operations
117,2025-12-17 13:29:57,Chrome,active,1199,HR
104,2025-12-17 09:03:30,PowerBI,idle,434,IT
121,2025-12-17 09:54:27,Chrome,active,658,Finance
138,2025-12-17 12:24:42,Chrome,active,740,HR
120,2025-12-17 12:10:53,Jira,idle,1543,Operations
111,2025-12-17 11:30:15,PowerBI,active,1406,Finance
136,2025-12-17 10:20:09,SAP,active,605,Sales
145,2025-12-17 13:14:53,PowerBI,idle,913,Marketing
122,2025-12-17 17:43:16,Slack,active,298,Operations
128,2025-12-17 09:53:37,Jira,idle,798,IT
109,2025-12-17 14:58:52,Chrome,idle,1069,IT
140,2025-12-17 13:32:08,Excel,idle,775,Finance
127,2025-12-17 14:10:36,Outlook,idle,309,Sales
142,2025-12-17 18:06:35,Slack,idle,1535,Sales
137,2025-12-17 13:29:01,Chrome,idle,1391,HR
137,2025-12-17 18:44:34,VSCode,idle,611,Sales
109,2025-12-17 09:50:43,VSCode,active,1734,Operations
107,2025-12-17 14:16:27,Slack,idle,791,Finance
127,2025-12-17 17:29:10,Excel,active,1177,Finance
101,2025-12-17 16:58:04,Chrome,active,876,IT
150,2025-12-17 11:11:45,SAP,idle,760,Marketing
113,2025-12-17 10:35:26,VSCode,idle,1130,HR
118,2025-12-17 17:39:00,SAP,active,936,Marketing
122,2025-12-17 13:46:29,Outlook,idle,812,Operations
133,2025-12-17 16:58:28,Excel,active,1568,Operations
145,2025-12-17 12:50:37,Excel,idle,200,Marketing
105,2025-12-17 11:42:47,Outlook,idle,1643,Finance
138,2025-12-17 15:31:21,PowerBI,idle,528,Sales
128,2025-12-17 11:11:55,Teams,idle,1173,Finance
103,2025-12-17 13:20:10,Chrome,idle,1032,Marketing
127,2025-12-17 18:55:48,Chrome,active,1742,Marketing
126,2025-12-17 13:44:22,Excel,idle,1774,HR
140,2025-12-17 12:06:43,VSCode,active,929,Sales
129,2025-12-17 18:44:13,Teams,active,1608,Sales
122,2025-12-17 11:31:21,Excel,idle,1781,Operations
108,2025-12-17 14:19:36,Teams,active,1636,Operations
102,2025-12-17 17:41:01,VSCode,active,889,Marketing
128,2025-12-17 15:22:48,Teams,idle,1781,Sales
148,2025-12-17 10:15:05,Chrome,active,517,Sales
104,2025-12-17 15:59:50,Teams,active,1285,HR
128,2025-12-17 18:31:06,Excel,active,396,IT
124,2025-12-17 16:20:36,Teams,active,1442,HR
106,2025-12-17 18:42:30,Excel,idle,914,Operations
101,2025-12-17 16:22:40,Slack,idle,148,Finance
119,2025-12-17 14:49:43,SAP,active,609,Finance
106,2025-12-17 14:22:11,Jira,idle,285,HR
125,2025-12-17 15:10:29,VSCode,active,523,Sales
125,2025-12-17 15:07:41,Teams,active,1718,HR
131,2025-12-17 16:42:44,Excel,idle,1194,Sales
138,2025-12-17 10:12:34,Slack,active,104,IT
138,2025-12-17 10:38:56,Jira,idle,369,Finance
112,2025-12-17 15:52:07,Slack,idle,745,IT
123,2025-12-17 18:25:42,Outlook,idle,1758,Finance
141,2025-12-17 17:09:19,Jira,active,829,Operations
149,2025-12-17 12:14:11,Excel,active,782,Sales
114,2025-12-17 14:26:44,Slack,active,1520,Finance
117,2025-12-17 12:00:20,SAP,active,1078,Sales
137,2025-12-17 09:46:48,Outlook,active,1476,Operations
107,2025-12-17 09:43:18,Excel,active,983,HR
129,2025-12-17 11:09:16,Jira,active,272,HR
135,2025-12-17 15:39:34,Chrome,active,1413,IT
107,2025-12-17 11:37:26,Chrome,idle,1696,Marketing
118,2025-12-17 10:42:15,Excel,idle,1124,HR
128,2025-12-17 12:06:30,Slack,active,455,Finance
143,2025-12-17 18:33:37,Jira,idle,674,Finance
149,2025-12-17 11:05:22,PowerBI,active,840,Marketing
116,2025-12-17 13:18:53,Teams,active,1665,HR
103,2025-12-17 14:34:41,Chrome,active,253,Finance
107,2025-12-17 14:29:28,PowerBI,idle,1562,Operations
113,2025-12-17 17:33:24,Excel,active,221,Finance
117,2025-12-17 12:21:19,Chrome,idle,534,IT
133,2025-12-17 17:04:22,Teams,idle,545,IT
133,2025-12-17 14:10:06,VSCode,idle,1576,HR
111,2025-12-17 13:02:30,PowerBI,active,1636,Operations
102,2025-12-17 09:26:55,VSCode,idle,1087,Operations
150,2025-12-17 11:32:42,SAP,idle,1389,Marketing
143,2025-12-17 10:57:36,Chrome,active,1643,Operations
107,2025-12-17 17:38:26,VSCode,active,1557,Operations
137,2025-12-17 17:37:06,Jira,active,1543,Operations
122,2025-12-17 13:15:33,Outlook,active,1482,Marketing
142,2025-12-17 18:40:59,Chrome,idle,740,Sales
102,2025-12-17 17:51:20,Slack,idle,868,Sales
112,2025-12-17 15:57:04,Outlook,active,1772,Operations
144,2025-12-17 18:28:28,Teams,idle,197,Marketing
117,2025-12-17 13:11:53,Slack,idle,1529,Marketing
117,2025-12-17 11:35:07,Jira,active,606,Marketing
130,2025-12-17 09:09:27,Slack,active,1708,Sales
145,2025-12-17 10:28:48,Excel,active,1336,HR
111,2025-12-17 18:25:52,Slack,idle,1040,Sales
150,2025-12-17 12:36:13,Slack,active,1767,Marketing
126,2025-12-17 18:27:06,Jira,active,1724,IT
133,2025-12-17 12:17:02,Excel,idle,652,Sales
149,2025-12-17 13:16:22,Chrome,active,708,Marketing
142,2025-12-17 17:35:26,SAP,idle,1285,Sales
101,2025-12-17 14:10:00,SAP,active,1797,HR
117,2025-12-17 09:54:55,Excel,active,1004,Marketing
108,2025-12-17 11:29:07,VSCode,idle,444,IT
102,2025-12-17 10:30:51,Outlook,idle,1009,IT
114,2025-12-17 17:37:50,PowerBI,idle,1777,Marketing
149,2025-12-17 11:01:35,Chrome,active,1766,IT
119,2025-12-17 15:20:45,Teams,idle,975,Marketing
111,2025-12-17 16:34:37,PowerBI,active,1336,Sales
146,2025-12-17 16:39:33,SAP,idle,1609,Operations
133,2025-12-17 15:50:48,VSCode,active,1000,IT
131,2025-12-17 13:04:15,Outlook,idle,1311,IT
102,2025-12-17 13:36:07,Chrome,active,271,Sales
146,2025-12-17 11:49:44,Jira,active,1132,IT
127,2025-12-17 17:45:38,Chrome,active,496,HR
102,2025-12-17 10:45:50,Excel,idle,216,IT
121,2025-12-17 12:02:58,Outlook,idle,679,Marketing
139,2025-12-17 12:19:01,Chrome,idle,1188,HR
120,2025-12-17 12:55:11,Chrome,idle,62,HR
119,2025-12-17 11:24:25,Teams,idle,810,HR
118,2025-12-17 15:00:03,VSCode,active,1169,Marketing
145,2025-12-17 11:07:26,Slack,active,689,Sales
104,2025-12-17 12:26:41,SAP,active,1100,Marketing
131,2025-12-17 10:56:27,Outlook,active,138,Sales
130,2025-12-17 17:59:45,Chrome,active,888,IT
133,2025-12-17 09:11:29,Slack,idle,1060,Marketing
114,2025-12-17 13:05:24,Outlook,idle,1627,IT
130,2025-12-17 10:36:02,SAP,active,1655,Sales
146,2025-12-17 12:19:40,Jira,idle,426,IT
122,2025-12-17 10:01:54,Jira,active,932,IT
119,2025-12-17 13:01:02,Outlook,active,1165,HR
102,2025-12-17 16:31:08,PowerBI,idle,348,Finance
139,2025-12-17 13:15:00,SAP,active,1078,Marketing
120,2025-12-17 10:32:53,SAP,active,190,IT
142,2025-12-17 17:19:17,Jira,idle,428,Finance
107,2025-12-17 10:56:06,VSCode,active,1396,IT
107,2025-12-17 12:54:00,Jira,active,855,HR
103,2025-12-17 11:24:09,VSCode,idle,1434,HR
120,2025-12-17 13:59:21,Excel,idle,525,Operations
130,2025-12-17 14:21:48,Slack,active,792,Marketing
128,2025-12-17 09:33:20,SAP,idle,610,HR
134,2025-12-17 12:14:50,Jira,active,1329,HR
132,2025-12-17 18:57:18,Teams,idle,744,Finance
150,2025-12-17 18:59:35,Teams,active,119,IT
120,2025-12-17 14:51:34,VSCode,idle,631,Finance
122,2025-12-17 09:08:18,SAP,active,1336,Finance
114,2025-12-17 13:40:55,Outlook,active,1458,Finance
127,2025-12-17 15:59:04,Outlook,idle,32,Operations
105,2025-12-17 10:56:14,Outlook,active,375,Marketing
138,2025-12-17 17:07:10,Teams,active,542,Sales
139,2025-12-17 16:41:20,VSCode,active,54,Marketing
113,2025-12-17 11:21:19,Jira,active,391,IT
150,2025-12-17 14:24:14,VSCode,active,1212,Operations
121,2025-12-17 15:21:55,Jira,active,1687,IT
123,2025-12-17 18:10:13,VSCode,idle,1227,IT
131,2025-12-17 10:14:31,SAP,active,705,HR
109,2025-12-17 12:41:09,SAP,active,623,Finance
127,2025-12-17 18:12:00,SAP,idle,1000,Sales
120,2025-12-17 15:23:56,Chrome,active,479,Finance
131,2025-12-17 10:33:10,VSCode,active,745,Marketing
102,2025-12-17 12:55:11,Slack,idle,59,Finance
128,2025-12-17 16:41:30,Jira,active,99,Sales
129,2025-12-17 17:45:47,Chrome,idle,213,Marketing
136,2025-12-17 18:48:56,Teams,idle,349,HR
127,2025-12-17 12:36:43,Outlook,active,1570,Sales
114,2025-12-17 16:27:51,Chrome,idle,652,Sales
135,2025-12-17 11:45:44,Outlook,active,1640,Sales
131,2025-12-17 16:03:30,Jira,idle,663,IT
112,2025-12-17 16:24:38,Chrome,idle,117,IT
142,2025-12-17 10:45:51,Teams,active,846,Sales
133,2025-12-17 17:38:12,Teams,idle,388,HR
143,2025-12-17 15:19:53,Jira,idle,295,Marketing
148,2025-12-17 11:39:14,Chrome,active,846,Operations
106,2025-12-17 18:24:58,Teams,active,1537,Operations
113,2025-12-17 13:34:48,Outlook,active,1628,Operations
144,2025-12-17 13:37:29,Outlook,idle,1552,IT
102,2025-12-17 18:53:35,Teams,active,1019,HR
123,2025-12-17 09:47:32,Excel,active,1424,HR
122,2025-12-17 15:01:11,PowerBI,active,1239,Marketing
126,2025-12-17 11:25:36,Teams,idle,1171,IT
107,2025-12-17 14:26:44,Excel,active,1673,Marketing
140,2025-12-17 18:00:00,Jira,active,1718,Marketing
144,2025-12-17 10:43:35,Chrome,active,83,Operations
127,2025-12-17 18:48:55,Excel,active,61,Finance
142,2025-12-17 11:23:03,Outlook,idle,106,HR
109,2025-12-17 11:55:09,Jira,active,691,Marketing
129,2025-12-17 15:37:48,Jira,active,1149,Finance
144,2025-12-17 10:09:48,Jira,idle,287,Operations
127,2025-12-17 14:01:28,PowerBI,active,1225,Operations
120,2025-12-17 16:33:43,Slack,active,622,HR
102,2025-12-17 09:28:58,Jira,idle,1693,IT
121,2025-12-17 18:40:49,PowerBI,active,437,HR
132,2025-12-17 15:35:16,PowerBI,active,198,Operations
135,2025-12-17 12:52:40,Excel,active,1697,Operations
113,2025-12-17 17:34:39,Jira,idle,531,Operations
124,2025-12-17 18:03:19,Teams,idle,1249,IT
124,2025-12-17 12:30:51,SAP,active,689,Finance
111,2025-12-17 10:33:04,PowerBI,active,501,Marketing
107,2025-12-17 12:00:00,SAP,idle,667,Marketing
105,2025-12-17 18:53:32,Teams,active,795,Operations
146,2025-12-17 13:34:23,Teams,active,53,Sales
115,2025-12-17 17:31:10,VSCode,idle,841,Operations
103,2025-12-17 18:49:40,Chrome,idle,660,Operations
105,2025-12-17 15:57:46,PowerBI,idle,1130,HR
120,2025-12-17 09:18:47,Outlook,active,1001,Sales
108,2025-12-17 09:54:18,Excel,active,79,IT
103,2025-12-17 10:37:49,VSCode,active,1229,Sales
144,2025-12-17 14:44:15,VSCode,active,1371,Sales
133,2025-12-17 10:39:54,Slack,active,1422,Finance
129,2025-12-17 15:52:25,VSCode,idle,73,HR
133,2025-12-17 13:28:44,Outlook,active,1710,Sales
108,2025-12-17 10:33:17,Outlook,active,1372,Sales
131,2025-12-17 14:16:47,Slack,active,1533,Sales
104,2025-12-17 09:31:04,Chrome,active,93,Marketing
142,2025-12-17 14:27:18,VSCode,active,733,Finance
141,2025-12-17 12:25:23,Slack,active,111,Finance
101,2025-12-17 10:56:09,Chrome,active,153,HR
140,2025-12-17 15:45:41,Slack,idle,1007,IT
148,2025-12-17 17:47:17,Teams,active,1431,Operations
132,2025-12-17 18:41:13,Slack,idle,721,Finance
140,2025-12-17 17:40:49,VSCode,idle,1526,HR
138,2025-12-17 09:57:09,SAP,active,985,HR
104,2025-12-17 17:52:14,PowerBI,active,74,IT
120,2025-12-17 12:20:57,Teams,idle,189,HR
115,2025-12-17 12:57:27,VSCode,active,1679,Finance
139,2025-12-17 10:46:54,Chrome,idle,852,Finance
104,2025-12-17 17:59:01,PowerBI,idle,1352,HR
105,2025-12-17 18:40:37,Slack,active,1315,IT
102,2025-12-17 09:33:58,Jira,active,905,HR
121,2025-12-17 12:21:09,Jira,active,906,Operations
118,2025-12-17 14:04:17,VSCode,idle,1216,Finance
150,2025-12-17 14:51:14,Teams,active,840,IT
134,2025-12-17 15:24:58,Outlook,idle,487,Finance
132,2025-12-17 18:51:52,Chrome,active,180,Operations
119,2025-12-17 18:13:40,VSCode,active,872,Operations
135,2025-12-17 14:55:44,Excel,active,150,Finance
106,2025-12-17 13:51:52,Outlook,idle,1462,IT
129,2025-12-17 11:38:52,Outlook,idle,1121,Operations
129,2025-12-17 16:11:30,Jira,active,679,Sales
103,2025-12-17 12:04:52,Teams,active,273,Operations
149,2025-12-17 16:49:48,PowerBI,active,475,HR
139,2025-12-17 18:18:26,Teams,idle,302,Marketing
146,2025-12-17 13:40:06,Teams,idle,1698,IT
101,2025-12-17 16:08:47,VSCode,idle,1078,Operations
142,2025-12-17 11:22:19,Chrome,idle,1469,Sales
111,2025-12-17 12:31:07,Chrome,idle,1353,Finance
116,2025-12-17 13:27:42,Teams,active,998,Finance
137,2025-12-17 13:55:13,Teams,idle,1224,Operations
105,2025-12-17 10:19:49,Chrome,idle,891,IT
102,2025-12-17 12:36:52,Jira,idle,351,HR
121,2025-12-17 13:13:30,Excel,active,443,IT
147,2025-12-17 18:49:20,Excel,active,1789,Finance
129,2025-12-17 09:07:51,VSCode,idle,813,Marketing
141,2025-12-17 15:54:39,Excel,active,1179,Finance
138,2025-12-17 09:14:34,Chrome,idle,877,Sales
149,2025-12-17 15:29:49,VSCode,active,1034,Marketing
124,2025-12-17 13:17:11,Excel,active,1587,Operations
114,2025-12-17 16:26:52,Teams,idle,1627,Finance
126,2025-12-17 17:50:43,SAP,active,839,Sales
119,2025-12-17 15:33:23,SAP,idle,130,Sales
111,2025-12-17 13:35:43,PowerBI,idle,1630,Marketing
122,2025-12-17 13:32:29,Outlook,idle,768,Marketing
110,2025-12-17 12:25:12,Outlook,idle,1037,Operations
111,2025-12-17 09:44:46,Slack,active,921,Finance
137,2025-12-17 12:29:47,Outlook,active,1151,Marketing
140,2025-12-17 17:05:37,Outlook,active,896,HR
143,2025-12-17 13:53:37,PowerBI,active,432,HR
139,2025-12-17 18:31:45,PowerBI,active,1231,IT
138,2025-12-17 18:38:06,VSCode,active,1679,HR
116,2025-12-17 11:51:55,Excel,idle,563,Sales
121,2025-12-17 12:56:47,Slack,active,54,HR
126,2025-12-17 09:02:34,Outlook,idle,1337,Sales
138,2025-12-17 17:50:27,PowerBI,active,833,Marketing
130,2025-12-17 17:43:21,Jira,idle,1455,Operations
142,2025-12-17 11:52:41,Jira,idle,817,HR
121,2025-12-17 10:07:19,Excel,idle,1782,Sales
119,2025-12-17 09:15:50,Slack,active,1356,Finance
119,2025-12-17 13:35:26,Slack,active,1542,Sales
144,2025-12-17 11:07:44,Chrome,idle,1798,Operations
120,2025-12-17 14:35:10,Jira,active,940,Finance
137,2025-12-17 18:30:49,Chrome,active,673,Finance
104,2025-12-17 09:55:02,Teams,active,1009,IT
102,2025-12-17 12:35:41,VSCode,idle,780,Sales
134,2025-12-17 17:25:30,Excel,active,1436,Marketing
145,2025-12-17 17:46:02,Jira,active,1467,Finance
150,2025-12-17 09:45:47,Outlook,idle,1391,Marketing
146,2025-12-17 18:34:32,Excel,idle,811,HR
108,2025-12-17 10:26:02,Excel,active,1618,Finance
112,2025-12-17 16:56:47,Chrome,idle,1631,Finance
125,2025-12-17 15:12:25,Outlook,idle,729,HR
128,2025-12-17 14:31:58,Outlook,active,1043,Sales
138,2025-12-17 14:43:46,PowerBI,idle,243,Marketing
119,2025-12-17 14:44:15,PowerBI,idle,1622,Sales
144,2025-12-17 17:50:05,SAP,idle,578,Marketing
150,2025-12-17 15:28:52,Outlook,active,993,Sales
110,2025-12-17 17:22:50,VSCode,idle,149,Finance
139,2025-12-17 15:17:06,Excel,active,1415,Finance
109,2025-12-17 09:06:40,PowerBI,idle,450,Sales
115,2025-12-17 17:58:52,Excel,active,1621,Sales
125,2025-12-17 18:45:51,VSCode,active,129,IT
130,2025-12-17 13:47:21,Outlook,active,1404,HR
124,2025-12-17 18:18:47,Outlook,active,1291,HR
104,2025-12-17 13:46:35,Jira,active,1616,Marketing
121,2025-12-17 16:33:51,SAP,idle,1282,IT
113,2025-12-17 13:52:59,VSCode,idle,605,Operations
123,2025-12-17 16:35:39,Chrome,active,1792,Marketing
107,2025-12-17 17:35:38,Outlook,idle,683,Sales
140,2025-12-17 13:17:32,Chrome,active,1281,Finance
105,2025-12-17 13:52:02,Chrome,active,650,Finance
142,2025-12-17 16:34:37,Slack,active,1751,Sales
106,2025-12-17 11:21:36,Teams,active,449,Finance
146,2025-12-17 12:05:36,VSCode,idle,1016,Marketing
143,2025-12-17 15:58:16,SAP,active,698,Sales
106,2025-12-17 14:01:42,Teams,active,867,Sales
149,2025-12-17 15:37:29,Teams,idle,1190,Marketing
120,2025-12-17 11:24:38,VSCode,active,767,HR
106,2025-12-17 10:31:47,Outlook,idle,635,Marketing
110,2025-12-17 10:25:56,Teams,idle,497,IT
123,2025-12-17 16:39:47,VSCode,active,831,HR
139,2025-12-17 15:41:09,SAP,idle,1190,Sales
125,2025-12-17 18:11:52,PowerBI,active,1373,HR
126,2025-12-17 17:59:04,Outlook,idle,406,Sales
108,2025-12-17 13:01:31,Excel,active,289,IT
115,2025-12-17 12:39:44,Slack,idle,135,Operations
108,2025-12-17 12:17:26,Chrome,active,1342,Sales
147,2025-12-17 10:02:16,PowerBI,idle,1254,Sales
147,2025-12-17 18:42:33,Slack,idle,596,IT
103,2025-12-17 15:26:20,Jira,active,294,Operations
133,2025-12-17 09:14:29,Excel,idle,1663,Marketing
126,2025-12-17 10:22:38,SAP,idle,1220,HR
125,2025-12-17 16:07:56,Slack,idle,898,Marketing
121,2025-12-17 17:21:54,Jira,active,86,Sales
131,2025-12-17 11:42:26,Chrome,active,786,HR
109,2025-12-17 13:24:14,Jira,idle,154,HR
149,2025-12-17 16:30:02,Teams,active,43,Sales
118,2025-12-17 14:33:52,Outlook,idle,1607,Sales
144,2025-12-17 15:33:40,SAP,active,1024,IT
136,2025-12-17 14:11:14,SAP,idle,841,HR
140,2025-12-17 16:05:28,Jira,active,825,Marketing
145,2025-12-17 18:01:23,PowerBI,idle,936,Finance
149,2025-12-17 17:44:36,Teams,active,1770,Sales
106,2025-12-17 11:38:10,Chrome,idle,653,Marketing
123,2025-12-17 16:53:37,Jira,idle,1073,Marketing
112,2025-12-17 17:01:23,PowerBI,idle,108,IT
134,2025-12-17 13:00:09,Slack,idle,1290,Sales
137,2025-12-17 10:46:45,Outlook,active,1584,Operations
143,2025-12-17 10:25:21,VSCode,active,1468,Marketing
125,2025-12-17 11:15:24,Teams,idle,167,Finance
144,2025-12-17 17:57:47,Slack,idle,186,Operations
106,2025-12-17 18:02:22,PowerBI,active,571,Finance
116,2025-12-17 10:50:00,Chrome,active,171,Finance
141,2025-12-17 12:02:24,Outlook,idle,1474,IT
132,2025-12-17 14:59:58,Slack,idle,348,Marketing
102,2025-12-17 12:39:19,PowerBI,active,1638,HR
146,2025-12-17 13:22:20,Teams,idle,824,Operations
113,2025-12-17 13:55:43,SAP,idle,709,Finance
103,2025-12-17 12:44:01,PowerBI,idle,1669,Operations
114,2025-12-17 17:44:49,Chrome,active,576,Marketing
132,2025-12-17 18:43:06,Slack,active,566,Sales
147,2025-12-17 17:07:59,PowerBI,idle,730,IT
134,2025-12-17 11:12:49,Teams,idle,838,Operations
138,2025-12-17 09:07:25,PowerBI,active,1057,Marketing
126,2025-12-17 18:12:48,Outlook,active,161,HR
115,2025-12-17 18:25:57,Outlook,active,512,HR
147,2025-12-17 11:23:53,PowerBI,active,1581,Sales
141,2025-12-17 15:54:43,Excel,idle,155,Operations
150,2025-12-17 12:45:48,SAP,active,329,Operations
136,2025-12-17 14:55:12,Jira,idle,940,Operations
106,2025-12-17 18:56:28,Chrome,active,1444,Operations
139,2025-12-17 12:46:05,Jira,idle,848,Finance
123,2025-12-17 17:46:06,Jira,idle,1763,HR
129,2025-12-17 10:25:35,Jira,active,1796,Marketing
108,2025-12-17 10:06:33,Teams,active,482,Sales
106,2025-12-17 10:58:09,Jira,active,1089,Finance
115,2025-12-17 13:53:34,Outlook,idle,1294,Marketing
110,2025-12-17 15:54:51,PowerBI,idle,1591,Marketing
125,2025-12-17 10:14:44,Excel,active,57,Finance
130,2025-12-17 14:19:29,Chrome,active,165,Sales
115,2025-12-17 16:33:35,Teams,active,807,Marketing
129,2025-12-17 10:29:39,PowerBI,active,1141,HR
117,2025-12-17 15:30:14,Chrome,idle,662,Finance
143,2025-12-17 18:14:36,Outlook,idle,691,IT
131,2025-12-17 09:14:48,Slack,active,1444,Operations
135,2025-12-17 11:51:28,SAP,active,1731,Marketing
122,2025-12-17 13:23:46,Chrome,active,163,IT
113,2025-12-17 15:10:21,Excel,idle,1030,Finance
141,2025-12-17 17:57:13,Slack,active,1540,Marketing
118,2025-12-17 14:44:39,SAP,idle,1346,Operations
135,2025-12-17 13:35:17,Slack,idle,822,HR
122,2025-12-17 16:50:07,PowerBI,active,376,HR
138,2025-12-17 13:27:56,VSCode,active,707,HR
104,2025-12-17 10:27:47,VSCode,idle,791,Operations
123,2025-12-17 17:28:36,SAP,active,397,Sales
109,2025-12-17 13:00:39,Excel,idle,657,Marketing
148,2025-12-17 11:09:31,Chrome,active,1491,IT
114,2025-12-17 11:04:05,Chrome,idle,1022,IT
116,2025-12-17 17:01:58,Outlook,idle,47,Marketing
138,2025-12-17 11:56:58,PowerBI,idle,415,Marketing
109,2025-12-17 09:23:33,Outlook,idle,53,Finance
136,2025-12-17 12:20:23,Chrome,active,1308,Operations
116,2025-12-17 17:07:34,PowerBI,active,843,Operations
134,2025-12-17 12:12:45,VSCode,idle,172,Sales
146,2025-12-17 13:26:17,Slack,active,360,Sales
128,2025-12-17 12:36:19,Chrome,idle,161,Operations
129,2025-12-17 18:27:34,VSCode,active,1295,Finance
111,2025-12-17 16:29:54,Chrome,active,259,Operations
117,2025-12-17 16:26:42,Teams,idle,518,Marketing
135,2025-12-17 14:57:20,Outlook,active,1712,Sales
112,2025-12-17 14:42:38,Chrome,idle,571,Operations
143,2025-12-17 14:35:21,Outlook,active,1641,HR
126,2025-12-17 11:08:36,SAP,active,694,HR
125,2025-12-17 15:05:53,Jira,idle,1171,HR
112,2025-12-17 13:20:05,Jira,active,879,Marketing
142,2025-12-17 10:55:29,Excel,idle,1201,IT
144,2025-12-17 11:10:39,Excel,idle,1377,Sales
107,2025-12-17 16:26:26,Slack,active,1233,Operations
113,2025-12-17 17:42:08,Chrome,active,781,IT
141,2025-12-17 11:48:11,Teams,active,589,HR
135,2025-12-17 15:26:24,VSCode,idle,1400,Operations
124,2025-12-17 17:04:56,SAP,idle,297,Sales
122,2025-12-17 17:52:14,Teams,idle,251,Marketing
150,2025-12-17 12:24:16,Jira,idle,952,IT
150,2025-12-17 11:38:23,Jira,active,1543,Marketing
139,2025-12-17 09:57:01,Teams,idle,1116,Finance
124,2025-12-17 14:05:14,PowerBI,active,597,HR
126,2025-12-17 15:13:25,VSCode,idle,201,Operations
137,2025-12-17 11:22:23,PowerBI,active,457,Marketing
101,2025-12-17 10:08:01,VSCode,idle,867,Operations
102,2025-12-17 13:34:13,SAP,idle,601,Finance
135,2025-12-17 17:39:37,Slack,active,240,Sales
137,2025-12-17 10:46:18,Outlook,active,215,IT
150,2025-12-17 17:03:10,Slack,active,1713,Marketing
112,2025-12-17 13:11:15,PowerBI,active,1236,Finance
129,2025-12-17 17:51:57,Outlook,active,1620,Operations
123,2025-12-17 12:29:32,SAP,active,1251,Marketing
145,2025-12-17 17:24:17,Excel,idle,697,HR
103,2025-12-17 16:03:39,Excel,idle,1426,HR
107,2025-12-17 14:58:18,Teams,active,242,Sales
125,2025-12-17 11:13:22,Outlook,active,1729,Marketing
117,2025-12-17 18:43:31,Slack,idle,1691,HR
128,2025-12-17 14:56:25,Outlook,active,124,HR
113,2025-12-17 13:16:38,VSCode,idle,1429,IT
134,2025-12-17 09:10:26,Excel,idle,1118,HR
103,2025-12-17 10:07:59,PowerBI,active,662,Operations
139,2025-12-17 15:23:00,Excel,active,1628,HR
123,2025-12-17 16:37:11,Slack,idle,1684,HR
148,2025-12-17 11:27:15,Excel,idle,1610,Sales
143,2025-12-17 12:57:38,Chrome,idle,649,HR
110,2025-12-17 09:58:16,Teams,idle,1095,HR
134,2025-12-17 11:46:53,Teams,active,1048,HR
120,2025-12-17 09:08:29,Teams,active,374,Operations
142,2025-12-17 09:33:17,Chrome,active,762,Marketing
109,2025-12-17 10:35:30,Jira,active,281,IT
143,2025-12-17 09:56:37,VSCode,idle,1491,IT
110,2025-12-17 10:49:37,Jira,active,1794,Marketing
110,2025-12-17 09:47:20,Chrome,active,1768,Finance
143,2025-12-17 10:33:05,Jira,idle,1267,IT
130,2025-12-17 16:18:58,SAP,idle,1750,HR
137,2025-12-17 16:55:38,Outlook,active,865,Operations
141,2025-12-17 11:51:36,PowerBI,idle,361,Operations
149,2025-12-17 11:01:02,SAP,idle,367,Operations
131,2025-12-17 10:54:37,Outlook,active,247,Finance
140,2025-12-17 11:53:57,Outlook,idle,961,Marketing
131,2025-12-17 18:08:03,Jira,active,473,IT
119,2025-12-17 18:22:03,Outlook,active,1541,Marketing
149,2025-12-17 18:08:28,VSCode,idle,1074,Operations
113,2025-12-17 17:48:23,Chrome,idle,1236,HR
109,2025-12-17 17:49:32,SAP,idle,924,Sales
131,2025-12-17 17:02:22,VSCode,active,791,HR
119,2025-12-17 10:38:45,PowerBI,active,1135,Marketing
130,2025-12-17 09:24:41,Slack,active,1506,Sales
113,2025-12-17 09:11:34,Outlook,active,896,Finance
111,2025-12-17 15:28:04,Teams,active,952,Operations
132,2025-12-17 14:20:56,Outlook,idle,607,Sales
111,2025-12-17 16:54:22,PowerBI,active,121,HR
120,2025-12-17 13:53:26,SAP,idle,487,Sales
138,2025-12-17 17:07:29,VSCode,active,1454,Marketing
145,2025-12-17 12:07:59,Chrome,idle,587,HR
132,2025-12-17 13:56:09,Teams,idle,480,Sales
108,2025-12-17 15:43:31,PowerBI,idle,720,Operations
149,2025-12-17 09:11:03,Slack,active,1476,IT
142,2025-12-17 11:20:50,VSCode,idle,868,Operations
146,2025-12-17 17:32:04,VSCode,idle,230,Sales
117,2025-12-17 11:32:40,PowerBI,active,1422,IT
128,2025-12-17 16:58:09,SAP,idle,37,Finance
128,2025-12-17 13:11:56,VSCode,idle,1021,IT
147,2025-12-17 15:11:08,Excel,active,1736,Finance
150,2025-12-17 13:49:14,Teams,idle,550,Finance
110,2025-12-17 14:06:58,SAP,idle,643,Operations
104,2025-12-17 18:00:28,SAP,idle,1559,IT
116,2025-12-17 12:32:14,Outlook,active,1126,IT
110,2025-12-17 12:24:25,Teams,idle,917,Marketing
147,2025-12-17 12:30:33,Slack,active,1722,IT
121,2025-12-17 17:26:49,Excel,idle,982,HR
116,2025-12-17 15:09:37,SAP,idle,1233,Finance
142,2025-12-17 12:17:57,Slack,idle,584,IT
147,2025-12-17 13:27:51,VSCode,idle,928,Marketing
111,2025-12-17 11:30:57,Slack,active,210,Operations
120,2025-12-17 11:08:50,Jira,idle,539,Finance
133,2025-12-17 17:36:56,Chrome,idle,1443,HR
150,2025-12-17 16:02:53,Outlook,idle,187,Marketing
113,2025-12-17 13:49:06,Excel,active,511,Sales
147,2025-12-17 15:00:51,Jira,idle,1062,Finance
108,2025-12-17 16:07:38,Slack,active,1437,Sales
103,2025-12-17 16:21:58,Chrome,idle,37,Sales
128,2025-12-17 15:21:35,Slack,idle,592,Marketing
117,2025-12-17 17:46:48,Jira,active,975,Finance
111,2025-12-17 14:30:58,Slack,idle,1155,Operations
129,2025-12-17 15:27:48,Chrome,active,141,Finance
149,2025-12-17 12:54:40,Teams,active,551,Marketing
118,2025-12-17 14:26:24,Slack,active,1600,Operations
106,2025-12-17 12:32:17,Slack,idle,877,HR
140,2025-12-17 18:27:33,VSCode,idle,1420,Finance
138,2025-12-17 11:12:20,Jira,idle,1142,HR
150,2025-12-17 16:13:02,Excel,idle,920,Sales
150,2025-12-17 16:43:28,VSCode,idle,1125,HR
101,2025-12-17 18:41:15,PowerBI,active,1466,IT
103,2025-12-17 14:50:17,Jira,idle,1271,Finance
146,2025-12-17 13:25:45,Teams,idle,1126,Operations
103,2025-12-17 15:48:53,Excel,idle,1120,Sales
106,2025-12-17 10:50:34,Jira,active,556,Sales
141,2025-12-17 09:58:23,Outlook,idle,1576,Marketing
107,2025-12-17 16:32:55,Teams,idle,393,Finance
148,2025-12-17 16:55:15,Outlook,idle,411,Marketing
128,2025-12-17 18:14:32,PowerBI,idle,371,Operations
136,2025-12-17 12:08:31,SAP,idle,941,Sales
115,2025-12-17 15:21:59,Jira,idle,1186,Sales
147,2025-12-17 17:33:42,Excel,idle,831,Operations
106,2025-12-17 11:02:03,Chrome,idle,564,Sales
126,2025-12-17 09:32:37,Outlook,active,692,HR
138,2025-12-17 15:54:46,Excel,active,1137,Sales
127,2025-12-17 09:24:30,SAP,idle,926,HR
129,2025-12-17 10:05:53,Chrome,idle,1088,Finance
116,2025-12-17 10:36:24,PowerBI,idle,358,Sales
103,2025-12-17 11:52:09,VSCode,active,1509,Operations
113,2025-12-17 16:20:18,Excel,active,110,Sales
139,2025-12-17 18:17:27,SAP,active,786,HR
149,2025-12-17 14:54:53,Outlook,active,1559,Marketing
122,2025-12-17 13:13:52,SAP,idle,431,IT
133,2025-12-17 17:24:42,Outlook,active,527,HR
138,2025-12-17 13:43:21,Slack,active,675,HR
120,2025-12-17 14:12:19,Jira,active,1716,Sales
115,2025-12-17 14:34:50,Teams,active,1635,IT
143,2025-12-17 14:24:42,SAP,idle,742,Finance
142,2025-12-17 12:04:34,SAP,idle,756,IT
150,2025-12-17 14:54:02,Teams,active,174,IT
116,2025-12-17 17:56:42,Teams,idle,740,HR
140,2025-12-17 11:48:55,Excel,idle,572,Marketing
123,2025-12-17 12:26:29,SAP,active,1633,Sales
140,2025-12-17 12:26:07,SAP,active,46,IT
106,2025-12-17 09:13:34,Excel,active,1496,HR
117,2025-12-17 14:32:00,Teams,active,624,Finance
101,2025-12-17 10:58:11,Chrome,idle,872,Finance
133,2025-12-17 13:27:30,Teams,active,769,Sales
122,2025-12-17 10:24:57,Outlook,idle,520,Marketing
102,2025-12-17 18:57:19,Excel,idle,377,Finance
108,2025-12-17 16:13:03,Jira,idle,1271,Operations
121,2025-12-17 11:54:16,Jira,idle,1768,IT
141,2025-12-17 13:41:46,Chrome,idle,758,Finance
135,2025-12-17 09:00:39,Chrome,idle,1111,IT
120,2025-12-17 17:45:15,VSCode,active,426,Sales
140,2025-12-17 16:34:42,SAP,idle,1408,Finance
118,2025-12-17 09:06:46,SAP,active,210,Finance
113,2025-12-17 17:03:02,Teams,idle,1632,Sales
118,2025-12-17 12:01:27,Teams,active,108,Operations
113,2025-12-17 14:17:27,Teams,idle,450,Operations
150,2025-12-17 09:21:06,VSCode,active,653,Sales
123,2025-12-17 18:27:05,PowerBI,idle,1039,Marketing
108,2025-12-17 16:07:52,Teams,active,1147,HR
131,2025-12-17 17:56:48,Chrome,active,287,IT
101,2025-12-17 14:40:18,Jira,idle,1018,Operations
111,2025-12-17 15:53:28,VSCode,active,1372,Sales
138,2025-12-17 13:42:05,SAP,idle,1289,Operations
123,2025-12-17 12:41:49,Teams,idle,83,Sales
122,2025-12-17 14:54:18,Slack,idle,595,Operations
137,2025-12-17 09:54:49,VSCode,idle,225,Sales
123,2025-12-17 09:55:27,Teams,active,1485,HR
141,2025-12-17 11:05:25,Jira,active,1536,Marketing
139,2025-12-17 17:47:08,Chrome,active,31,Marketing
101,2025-12-17 09:09:51,Teams,active,1387,IT
121,2025-12-17 14:38:19,Chrome,active,1660,IT
136,2025-12-17 14:05:38,Excel,idle,116,Marketing
117,2025-12-17 12:18:44,VSCode,active,1360,IT
131,2025-12-17 12:13:09,VSCode,idle,1356,Finance
149,2025-12-17 12:54:03,Teams,idle,119,Operations
110,2025-12-17 09:24:12,VSCode,active,935,Operations
122,2025-12-17 12:01:31,Outlook,idle,1661,Operations
101,2025-12-17 12:35:36,Slack,active,1125,Marketing
124,2025-12-17 09:11:14,PowerBI,idle,1541,Finance
138,2025-12-17 11:22:29,VSCode,idle,1588,Marketing
127,2025-12-17 14:44:44,SAP,active,87,HR
145,2025-12-17 16:33:35,Excel,idle,444,IT
142,2025-12-17 18:32:32,Slack,active,255,Marketing
127,2025-12-17 12:30:04,Outlook,idle,1749,HR
136,2025-12-17 16:12:45,Teams,active,1736,Finance
144,2025-12-17 17:28:11,Slack,idle,1195,Finance
149,2025-12-17 16:33:21,Chrome,idle,1617,IT
146,2025-12-17 12:34:23,Slack,active,1502,HR
143,2025-12-17 12:38:33,Excel,active,369,Operations
102,2025-12-17 17:36:44,Outlook,active,287,Operations
115,2025-12-17 11:36:41,Excel,idle,1632,Marketing
112,2025-12-17 09:38:29,Jira,active,730,IT
113,2025-12-17 13:29:34,Chrome,idle,115,IT
143,2025-12-17 10:20:54,Outlook,active,1142,Finance
117,2025-12-17 14:18:29,Chrome,active,1150,Sales
104,2025-12-17 14:29:17,Slack,active,340,HR
139,2025-12-17 15:36:24,SAP,idle,528,Finance
144,2025-12-17 15:10:14,Outlook,idle,1428,IT
137,2025-12-17 16:53:02,Chrome,active,625,Marketing
145,2025-12-17 13:59:36,Excel,active,966,HR
120,2025-12-17 11:38:23,PowerBI,idle,1242,HR
124,2025-12-17 14:23:33,SAP,idle,367,Operations
146,2025-12-17 12:18:33,Outlook,active,1019,Sales
118,2025-12-17 11:06:33,PowerBI,active,1294,HR
117,2025-12-17 11:04:28,VSCode,idle,1700,Marketing
136,2025-12-17 18:03:29,Outlook,active,1761,HR
130,2025-12-17 12:47:15,Outlook,idle,790,Finance
131,2025-12-17 09:44:06,PowerBI,idle,825,Marketing
143,2025-12-17 18:51:18,Chrome,idle,1247,HR
113,2025-12-17 11:32:35,Excel,active,1284,Marketing
147,2025-12-17 12:41:21,Slack,idle,778,Marketing
133,2025-12-17 09:41:31,Chrome,active,593,Operations
116,2025-12-17 17:06:13,Chrome,active,530,Marketing
148,2025-12-17 10:40:04,Teams,idle,628,Sales
117,2025-12-17 14:12:07,Excel,idle,1272,Marketing
138,2025-12-17 09:33:45,PowerBI,active,1105,HR
125,2025-12-17 17:36:57,Slack,idle,149,Finance
131,2025-12-17 12:39:25,Teams,active,1460,Operations
121,2025-12-17 14:52:42,Outlook,active,1249,Marketing
150,2025-12-17 17:01:07,Chrome,idle,1585,HR
133,2025-12-17 10:46:57,VSCode,active,1350,Operations
104,2025-12-17 15:40:48,SAP,active,749,Sales
141,2025-12-17 09:32:01,VSCode,active,1498,Finance
101,2025-12-17 14:21:58,Jira,idle,777,Sales
116,2025-12-17 18:38:43,Excel,idle,988,Sales
114,2025-12-17 12:00:11,VSCode,idle,1568,Marketing
122,2025-12-17 10:34:22,Jira,active,891,Finance
130,2025-12-17 11:09:09,Slack,idle,729,Sales
120,2025-12-17 17:25:16,Excel,idle,552,Finance
105,2025-12-17 11:20:10,SAP,idle,330,Sales
138,2025-12-17 13:12:18,Excel,active,1167,Finance
119,2025-12-17 18:20:03,Outlook,idle,64,Sales
150,2025-12-17 10:48:51,PowerBI,idle,990,IT
113,2025-12-17 09:22:07,Excel,idle,772,Operations
105,2025-12-17 15:45:58,Excel,active,1278,Marketing
129,2025-12-17 09:11:29,Chrome,idle,711,Marketing
148,2025-12-17 17:04:02,Outlook,idle,1652,IT
129,2025-12-17 13:50:09,Outlook,idle,1493,Operations
122,2025-12-17 10:04:20,Teams,idle,1668,Sales
148,2025-12-17 12:04:54,VSCode,idle,1153,HR
137,2025-12-17 10:51:04,Outlook,active,1753,Operations
121,2025-12-17 15:46:47,Outlook,idle,244,Operations
126,2025-12-17 17:41:09,VSCode,idle,1160,Sales
145,2025-12-17 12:04:54,SAP,idle,1132,HR
126,2025-12-17 12:30:27,Teams,idle,1571,Marketing
150,2025-12-17 15:41:30,Slack,idle,329,IT
143,2025-12-17 09:03:36,Teams,active,1089,Operations
144,2025-12-17 17:32:03,VSCode,active,895,IT
134,2025-12-17 13:32:07,Chrome,idle,389,Marketing
117,2025-12-17 09:41:29,Outlook,active,450,Marketing
149,2025-12-17 17:54:58,PowerBI,active,1507,Marketing
138,2025-12-17 17:51:19,Outlook,active,295,HR
101,2025-12-17 13:23:24,SAP,active,156,HR
122,2025-12-17 15:15:20,VSCode,idle,1042,HR
127,2025-12-17 17:22:47,Slack,idle,1698,HR
108,2025-12-17 12:34:09,Teams,active,1100,IT
127,2025-12-17 13:00:36,Chrome,active,1071,IT
110,2025-12-17 18:30:44,VSCode,idle,1315,Operations
129,2025-12-17 16:13:26,Chrome,active,751,Sales
111,2025-12-17 11:19:16,Jira,idle,84,Operations
149,2025-12-17 11:35:01,Slack,idle,378,HR
147,2025-12-17 12:12:07,Outlook,active,944,Marketing
109,2025-12-17 09:45:23,Excel,active,257,IT
149,2025-12-17 17:03:01,Outlook,active,45,Marketing
145,2025-12-17 13:12:49,Outlook,active,35,Operations
105,2025-12-17 17:49:13,Chrome,idle,751,Finance
110,2025-12-17 18:32:41,Teams,active,56,Sales
142,2025-12-17 18:44:24,Outlook,idle,1230,Sales
105,2025-12-17 09:59:14,SAP,active,914,Sales
122,2025-12-17 15:20:24,PowerBI,active,787,Sales
142,2025-12-17 10:35:18,Teams,idle,517,Sales
127,2025-12-17 13:57:43,Teams,idle,624,Finance
108,2025-12-17 17:37:51,SAP,idle,1133,IT
118,2025-12-17 11:16:27,SAP,active,1554,IT
144,2025-12-17 11:33:09,VSCode,active,673,Finance
102,2025-12-17 15:20:41,Excel,idle,948,Marketing
130,2025-12-17 10:18:59,VSCode,active,595,Operations
144,2025-12-17 15:59:46,SAP,idle,1148,Marketing
117,2025-12-17 13:05:42,PowerBI,idle,212,Operations
121,2025-12-17 15:53:34,VSCode,active,1395,Marketing
129,2025-12-17 17:31:08,Outlook,idle,1364,Operations
126,2025-12-17 15:47:58,PowerBI,active,984,Sales
119,2025-12-17 11:49:57,PowerBI,idle,256,Operations
127,2025-12-17 11:54:47,VSCode,idle,829,Operations
124,2025-12-17 11:15:31,Outlook,active,1591,Sales
117,2025-12-17 10:26:42,Teams,idle,637,Operations
150,2025-12-17 14:44:56,SAP,active,1066,IT
125,2025-12-17 10:00:51,Excel,active,1783,Sales
106,2025-12-17 15:07:18,Teams,idle,103,Sales
138,2025-12-17 17:37:41,Slack,active,717,HR
128,2025-12-17 09:57:33,VSCode,idle,702,Finance
136,2025-12-17 14:06:11,SAP,idle,868,HR
119,2025-12-17 14:51:29,Teams,idle,847,Operations
